spcd,common_name,genus,family,clade,provenance,source_spcd,confidence,source_confidence,n_obs,mcw_a1,mcw_a2,dbh_min_fit,dbh_max_fit,cw_ceiling,cw_shipped_max,ceiling_binds_in_fit,lcw_r0,lcw_rcr,lcw_rdbh,library_version
10,fir spp.,Abies,Pinaceae,S,genus_donor,12,4 donor,1 fitted,2999,1.22227675046708,0.49938100249925,12.7,47.244,19.87296,8.38120502937758,FALSE,-0.309867967026849,1.937625808275,0.00155825922155512,conus_mcw_lcw_library.csv v4_horizonfix_2026-09-16
11,Pacific silver fir,Abies,Pinaceae,S,fitted,11,1 fitted,1 fitted,372,1.1939033947582,0.491962485479469,12.7,91,19.87296,10.9835835912003,FALSE,-0.418013928527079,1.937625808275,0.00155825922155512,conus_mcw_lcw_library.csv v4_horizonfix_2026-09-16
12,balsam fir,Abies,Pinaceae,S,fitted,12,1 fitted,1 fitted,2999,1.22227675046708,0.49938100249925,12.7,47.244,19.87296,8.38120502937758,FALSE,-0.309867967026849,1.937625808275,0.00155825922155512,conus_mcw_lcw_library.csv v4_horizonfix_2026-09-16
14,Santa Lucia or bristlecone fir,Abies,Pinaceae,S,genus_donor,12,4 donor,1 fitted,2999,1.22227675046708,0.49938100249925,12.7,47.244,19.87296,8.38120502937758,FALSE,-0.309867967026849,1.937625808275,0.00155825922155512,conus_mcw_lcw_library.csv v4_horizonfix_2026-09-16
15,white fir,Abies,Pinaceae,S,fitted,15,1 fitted,1 fitted,1624,1.08846580148758,0.494408019254938,12.7,158.9024,19.87296,13.3374049587178,FALSE,-0.406271601770229,1.937625808275,0.00155825922155512,conus_mcw_lcw_library.csv v4_horizonfix_2026-09-16
16,Fraser fir,Abies,Pinaceae,S,genus_donor,12,4 donor,1 fitted,2999,1.22227675046708,0.49938100249925,12.7,47.244,19.87296,8.38120502937758,FALSE,-0.309867967026849,1.937625808275,0.00155825922155512,conus_mcw_lcw_library.csv v4_horizonfix_2026-09-16
17,grand fir,Abies,Pinaceae,S,fitted,17,1 fitted,1 fitted,1021,1.73218638001898,0.418943748006875,12.7,111.506,19.87296,12.4823804735044,FALSE,-0.340777768292524,1.937625808275,0.00155825922155512,conus_mcw_lcw_library.csv v4_horizonfix_2026-09-16
18,corkbark fir,Abies,Pinaceae,S,fitted,18,1 fitted,1 fitted,159,1.31091735127216,0.351927289657188,12.7,46.482,19.87296,5.06218875542574,FALSE,-0.456926854023446,1.937625808275,0.00155825922155512,conus_mcw_lcw_library.csv v4_horizonfix_2026-09-16
19,subalpine fir,Abies,Pinaceae,S,fitted,19,1 fitted,1 fitted,2297,0.68711629093741,0.594498097991474,12.7,76.4,19.87296,9.04743903652399,FALSE,-0.667242638724729,1.937625808275,0.00155825922155512,conus_mcw_lcw_library.csv v4_horizonfix_2026-09-16
20,California red fir,Abies,Pinaceae,S,fitted,20,1 fitted,1 fitted,348,0.569493137743291,0.616587835561833,12.7,132.8,19.87296,11.6045044887568,FALSE,-0.257906572280496,1.937625808275,0.00155825922155512,conus_mcw_lcw_library.csv v4_horizonfix_2026-09-16
21,Shasta red fir,Abies,Pinaceae,S,fitted,21,2 shrunk,2 shrunk,84,0.571360699660136,0.62678905210135,12.7,101.8,19.87296,10.3596406551096,FALSE,-0.203431227434865,1.937625808275,0.00155825922155512,conus_mcw_lcw_library.csv v4_horizonfix_2026-09-16
22,noble fir,Abies,Pinaceae,S,fitted,22,2 shrunk,2 shrunk,68,1.15413060481545,0.486287531680461,13,116.8,19.87296,11.6849439775598,FALSE,-0.152476001952954,1.937625808275,0.00155825922155512,conus_mcw_lcw_library.csv v4_horizonfix_2026-09-16
40,white-cedar spp.,Chamaecyparis,Cupressaceae,S,genus_donor,41,4 donor,2 shrunk,176,0.628402861467973,0.674909414743272,12.7,33.9999999999999,19.87296,6.78965478642276,FALSE,-0.454003792616846,1.937625808275,0.00155825922155512,conus_mcw_lcw_library.csv v4_horizonfix_2026-09-16
41,Port-Orford-cedar,Chamaecyparis,Cupressaceae,S,fitted,41,2 shrunk,2 shrunk,176,0.628402861467973,0.674909414743272,12.7,33.9999999999999,19.87296,6.78965478642276,FALSE,-0.454003792616846,1.937625808275,0.00155825922155512,conus_mcw_lcw_library.csv v4_horizonfix_2026-09-16
42,Alaska yellow-cedar,Chamaecyparis,Cupressaceae,S,fitted,42,3 borrowed,3 borrowed,6,1.42331490769985,0.403509130146674,15.6,115.7,19.87296,9.67998862622346,FALSE,-0.230264307269322,1.937625808275,0.00155825922155512,conus_mcw_lcw_library.csv v4_horizonfix_2026-09-16
43,Atlantic white-cedar,Chamaecyparis,Cupressaceae,S,fitted,43,3 borrowed,3 borrowed,6,0.987240950178303,0.534353507800173,12.7,41.148,19.87296,7.19541866910686,FALSE,-0.210431240482295,1.937625808275,0.00155825922155512,conus_mcw_lcw_library.csv v4_horizonfix_2026-09-16
50,cypress,Cupressus,Pinaceae,S,spgrp_donor,264,4 donor,1 fitted,341,0.428547437734399,0.738574281791366,12.7,82.3976,19.87296,11.1440775223264,FALSE,-0.700309276757229,1.937625808275,0.00155825922155512,conus_mcw_lcw_library.csv v4_horizonfix_2026-09-16
51,Arizona cypress,Cupressus,Pinaceae,S,spgrp_donor,264,4 donor,1 fitted,341,0.428547437734399,0.738574281791366,12.7,82.3976,19.87296,11.1440775223264,FALSE,-0.700309276757229,1.937625808275,0.00155825922155512,conus_mcw_lcw_library.csv v4_horizonfix_2026-09-16
52,Baker or Modoc cypress,Cupressus,Pinaceae,S,spgrp_donor,264,4 donor,1 fitted,341,0.428547437734399,0.738574281791366,12.7,82.3976,19.87296,11.1440775223264,FALSE,-0.700309276757229,1.937625808275,0.00155825922155512,conus_mcw_lcw_library.csv v4_horizonfix_2026-09-16
53,Tecate cypress,Cupressus,Pinaceae,S,spgrp_donor,264,4 donor,1 fitted,341,0.428547437734399,0.738574281791366,12.7,82.3976,19.87296,11.1440775223264,FALSE,-0.700309276757229,1.937625808275,0.00155825922155512,conus_mcw_lcw_library.csv v4_horizonfix_2026-09-16
54,Monterey cypress,Cupressus,Pinaceae,S,spgrp_donor,264,4 donor,1 fitted,341,0.428547437734399,0.738574281791366,12.7,82.3976,19.87296,11.1440775223264,FALSE,-0.700309276757229,1.937625808275,0.00155825922155512,conus_mcw_lcw_library.csv v4_horizonfix_2026-09-16
55,Sargent's cypress,Cupressus,Pinaceae,S,spgrp_donor,264,4 donor,1 fitted,341,0.428547437734399,0.738574281791366,12.7,82.3976,19.87296,11.1440775223264,FALSE,-0.700309276757229,1.937625808275,0.00155825922155512,conus_mcw_lcw_library.csv v4_horizonfix_2026-09-16
56,MacNab's cypress,Cupressus,Pinaceae,S,spgrp_donor,202,4 donor,2 shrunk,7119,1.12387060572355,0.54719806657514,12.7,174.4,19.87296,18.9359114017642,FALSE,-0.239553994988043,1.937625808275,0.00155825922155512,conus_mcw_lcw_library.csv v4_horizonfix_2026-09-16
57,redcedar/juniper spp.,Juniperus,Cupressaceae,S,fitted,57,3 borrowed,3 borrowed,5,0.822939375590335,0.632916836836423,15.494,28.194,19.87296,6.81077340171341,FALSE,-0.245114138247138,1.937625808275,0.00155825922155512,conus_mcw_lcw_library.csv v4_horizonfix_2026-09-16
58,Pinchot juniper,Juniperus,Cupressaceae,S,spgrp_donor,65,4 donor,3 borrowed,1,0.771502113343563,0.520959907275303,27.94,27.94,19.87296,4.37283501788719,FALSE,-0.278727939008966,1.937625808275,0.00155825922155512,conus_mcw_lcw_library.csv v4_horizonfix_2026-09-16
59,redberry juniper,Juniperus,Cupressaceae,S,spgrp_donor,65,4 donor,3 borrowed,1,0.771502113343563,0.520959907275303,27.94,27.94,19.87296,4.37283501788719,FALSE,-0.278727939008966,1.937625808275,0.00155825922155512,conus_mcw_lcw_library.csv v4_horizonfix_2026-09-16
60,Drooping juniper,Juniperus,Cupressaceae,S,genus_donor,68,4 donor,1 fitted,492,1.0395963597012,0.623240595493459,12.7,58.928,19.87296,13.1886730321522,FALSE,-0.443154054977792,1.937625808275,0.00155825922155512,conus_mcw_lcw_library.csv v4_horizonfix_2026-09-16
61,Ashe juniper,Juniperus,Cupressaceae,S,genus_donor,68,4 donor,1 fitted,492,1.0395963597012,0.623240595493459,12.7,58.928,19.87296,13.1886730321522,FALSE,-0.443154054977792,1.937625808275,0.00155825922155512,conus_mcw_lcw_library.csv v4_horizonfix_2026-09-16
62,California juniper,Juniperus,Cupressaceae,S,spgrp_donor,65,4 donor,3 borrowed,1,0.771502113343563,0.520959907275303,27.94,27.94,19.87296,4.37283501788719,FALSE,-0.278727939008966,1.937625808275,0.00155825922155512,conus_mcw_lcw_library.csv v4_horizonfix_2026-09-16
63,alligator juniper,Juniperus,Cupressaceae,S,spgrp_donor,65,4 donor,3 borrowed,1,0.771502113343563,0.520959907275303,27.94,27.94,19.87296,4.37283501788719,FALSE,-0.278727939008966,1.937625808275,0.00155825922155512,conus_mcw_lcw_library.csv v4_horizonfix_2026-09-16
64,western juniper,Juniperus,Pinaceae,S,spgrp_donor,264,4 donor,1 fitted,341,0.428547437734399,0.738574281791366,12.7,82.3976,19.87296,11.1440775223264,FALSE,-0.700309276757229,1.937625808275,0.00155825922155512,conus_mcw_lcw_library.csv v4_horizonfix_2026-09-16
65,Utah juniper,Juniperus,Cupressaceae,S,fitted,65,3 borrowed,3 borrowed,1,0.771502113343563,0.520959907275303,27.94,27.94,19.87296,4.37283501788719,FALSE,-0.278727939008966,1.937625808275,0.00155825922155512,conus_mcw_lcw_library.csv v4_horizonfix_2026-09-16
66,Rocky Mountain juniper,Juniperus,Cupressaceae,S,fitted,66,3 borrowed,3 borrowed,2,0.844531209952049,0.563639212225237,21.844,38.1,19.87296,6.57184045640068,FALSE,-0.266384792593728,1.937625808275,0.00155825922155512,conus_mcw_lcw_library.csv v4_horizonfix_2026-09-16
67,southern redcedar,Juniperus,Cupressaceae,S,fitted,67,3 borrowed,3 borrowed,5,0.745585940961181,0.550655226003541,13.97,18.288,19.87296,3.69416365769955,FALSE,-0.255775463946181,1.937625808275,0.00155825922155512,conus_mcw_lcw_library.csv v4_horizonfix_2026-09-16
68,eastern redcedar,Juniperus,Cupressaceae,S,fitted,68,1 fitted,1 fitted,492,1.0395963597012,0.623240595493459,12.7,58.928,19.87296,13.1886730321522,FALSE,-0.443154054977792,1.937625808275,0.00155825922155512,conus_mcw_lcw_library.csv v4_horizonfix_2026-09-16
69,oneseed juniper,Juniperus,Cupressaceae,S,spgrp_donor,65,4 donor,3 borrowed,1,0.771502113343563,0.520959907275303,27.94,27.94,19.87296,4.37283501788719,FALSE,-0.278727939008966,1.937625808275,0.00155825922155512,conus_mcw_lcw_library.csv v4_horizonfix_2026-09-16
70,larch spp.,Larix,Pinaceae,S,genus_donor,71,4 donor,1 fitted,515,0.729578805801052,0.701071682093362,12.7,44.45,19.87296,10.431540287147,FALSE,-0.253687258434538,1.937625808275,0.00155825922155512,conus_mcw_lcw_library.csv v4_horizonfix_2026-09-16
71,tamarack (native),Larix,Pinaceae,S,fitted,71,1 fitted,1 fitted,515,0.729578805801052,0.701071682093362,12.7,44.45,19.87296,10.431540287147,FALSE,-0.253687258434538,1.937625808275,0.00155825922155512,conus_mcw_lcw_library.csv v4_horizonfix_2026-09-16
72,subalpine larch,Larix,Pinaceae,S,fitted,72,3 borrowed,3 borrowed,17,1.75401332533344,0.375330542878232,13.8938,40.8000000000001,19.87296,7.05606937003968,FALSE,-0.523327448770786,1.937625808275,0.00155825922155512,conus_mcw_lcw_library.csv v4_horizonfix_2026-09-16
73,western larch,Larix,Pinaceae,S,fitted,73,1 fitted,1 fitted,298,1.05628890784445,0.521958801988861,12.7,75,19.87296,10.0574399905025,FALSE,-0.0221774331154785,1.937625808275,0.00155825922155512,conus_mcw_lcw_library.csv v4_horizonfix_2026-09-16
81,incense-cedar,Calocedrus,Cupressaceae,S,fitted,81,1 fitted,1 fitted,469,0.974234843731919,0.525330641638473,12.8,106.7,19.87296,11.3271479723521,FALSE,-0.315302702972141,1.937625808275,0.00155825922155512,conus_mcw_lcw_library.csv v4_horizonfix_2026-09-16
90,spruce spp.,Picea,Pinaceae,S,fitted,90,3 borrowed,3 borrowed,2,0.860846931313519,0.629069925083858,13.208,23.622,19.87296,6.29271622504939,FALSE,-0.250928522674611,1.937625808275,0.00155825922155512,conus_mcw_lcw_library.csv v4_horizonfix_2026-09-16
91,Norway spruce,Picea,Pinaceae,S,fitted,91,1 fitted,1 fitted,142,0.795620699654973,0.628928757520455,12.7,47.752,19.87296,9.0504912544794,FALSE,-0.131027114319676,1.937625808275,0.00155825922155512,conus_mcw_lcw_library.csv v4_horizonfix_2026-09-16
92,Brewer spruce,Picea,Pinaceae,S,genus_donor,93,4 donor,1 fitted,2458,0.888059393245157,0.522567530891613,12.7,100.584,19.87296,9.88322303984569,FALSE,-0.665535222432229,1.937625808275,0.00155825922155512,conus_mcw_lcw_library.csv v4_horizonfix_2026-09-16
93,Engelmann spruce,Picea,Pinaceae,S,fitted,93,1 fitted,1 fitted,2458,0.888059393245157,0.522567530891613,12.7,100.584,19.87296,9.88322303984569,FALSE,-0.665535222432229,1.937625808275,0.00155825922155512,conus_mcw_lcw_library.csv v4_horizonfix_2026-09-16
94,white spruce,Picea,Pinaceae,S,fitted,94,1 fitted,1 fitted,480,1.14263119957105,0.543020982560046,12.7,53.34,19.87296,9.9022092959505,FALSE,-0.370100669790229,1.937625808275,0.00155825922155512,conus_mcw_lcw_library.csv v4_horizonfix_2026-09-16
95,black spruce,Picea,Pinaceae,S,fitted,95,1 fitted,1 fitted,1443,0.681155878638036,0.656640623541607,12.7,40.132,19.87296,7.69420423792537,FALSE,-0.436915313238479,1.937625808275,0.00155825922155512,conus_mcw_lcw_library.csv v4_horizonfix_2026-09-16
96,blue spruce,Picea,Pinaceae,S,fitted,96,2 shrunk,2 shrunk,29,0.959315229804739,0.541345635481943,12.954,50.038,19.87296,7.97755756438487,FALSE,-0.338982556509496,1.937625808275,0.00155825922155512,conus_mcw_lcw_library.csv v4_horizonfix_2026-09-16
97,red spruce,Picea,Pinaceae,S,fitted,97,1 fitted,1 fitted,1773,0.62248408033323,0.72898853791175,12.7,56.896,19.87296,11.8457542053457,FALSE,-0.0601510202367285,1.937625808275,0.00155825922155512,conus_mcw_lcw_library.csv v4_horizonfix_2026-09-16
98,Sitka spruce,Picea,Pinaceae,S,fitted,98,2 shrunk,2 shrunk,89,1.11679075577875,0.573642187764309,12.9,99.5,19.87296,15.6317432516952,FALSE,-0.196904751360031,1.937625808275,0.00155825922155512,conus_mcw_lcw_library.csv v4_horizonfix_2026-09-16
100,pine spp.,Pinus,Pinaceae,S,spgrp_donor,202,4 donor,2 shrunk,7119,1.12387060572355,0.54719806657514,12.7,174.4,19.87296,18.9359114017642,FALSE,-0.239553994988043,1.937625808275,0.00155825922155512,conus_mcw_lcw_library.csv v4_horizonfix_2026-09-16
101,whitebark pine,Pinus,Pinaceae,S,fitted,101,2 shrunk,2 shrunk,238,0.344968816455237,0.821686644424313,12.7,112.776,19.87296,16.7516998015714,FALSE,-0.486566838009979,1.937625808275,0.00155825922155512,conus_mcw_lcw_library.csv v4_horizonfix_2026-09-16
102,Rocky Mountain bristlecone pine,Pinus,Pinaceae,S,fitted,102,2 shrunk,2 shrunk,66,1.30694337140608,0.493025908021895,12.7,48.006,19.87296,8.81412126430498,FALSE,-0.546939915327345,1.937625808275,0.00155825922155512,conus_mcw_lcw_library.csv v4_horizonfix_2026-09-16
103,knobcone pine,Pinus,Pinaceae,S,fitted,103,2 shrunk,2 shrunk,36,0.969630604497396,0.600060596023123,12.7,35,19.87296,8.18730002901591,FALSE,-0.198920629848354,1.937625808275,0.00155825922155512,conus_mcw_lcw_library.csv v4_horizonfix_2026-09-16
104,foxtail pine,Pinus,Pinaceae,S,spgrp_donor,264,4 donor,1 fitted,341,0.428547437734399,0.738574281791366,12.7,82.3976,19.87296,11.1440775223264,FALSE,-0.700309276757229,1.937625808275,0.00155825922155512,conus_mcw_lcw_library.csv v4_horizonfix_2026-09-16
105,jack pine,Pinus,Pinaceae,S,fitted,105,1 fitted,1 fitted,586,1.08628134987133,0.57005299720664,12.7,50.038,19.87296,10.1072579323656,FALSE,-0.210582093830787,1.937625808275,0.00155825922155512,conus_mcw_lcw_library.csv v4_horizonfix_2026-09-16
106,common or two-needle pinyon,Pinus,Cupressaceae,S,spgrp_donor,65,4 donor,3 borrowed,1,0.771502113343563,0.520959907275303,27.94,27.94,19.87296,4.37283501788719,FALSE,-0.278727939008966,1.937625808275,0.00155825922155512,conus_mcw_lcw_library.csv v4_horizonfix_2026-09-16
107,sand pine,Pinus,Pinaceae,S,spgrp_donor,132,4 donor,1 fitted,1745,1.04839341981243,0.602219566668003,12.7,50.292,19.87296,11.0968629106365,FALSE,0.167174306162772,1.937625808275,0.00155825922155512,conus_mcw_lcw_library.csv v4_horizonfix_2026-09-16
108,lodgepole pine,Pinus,Pinaceae,S,fitted,108,3 borrowed,3 borrowed,5615,0.29882223051496,0.881861473640625,12.7,127,19.87296,19.87296,TRUE,-0.322230013676883,1.937625808275,0.00155825922155512,conus_mcw_lcw_library.csv v4_horizonfix_2026-09-16
109,Coulter pine,Pinus,Pinaceae,S,fitted,109,3 borrowed,3 borrowed,5,0.810537898912591,0.55753090275524,23.114,58.3,19.87296,7.81966430877993,FALSE,-0.191078738279224,1.937625808275,0.00155825922155512,conus_mcw_lcw_library.csv v4_horizonfix_2026-09-16
110,shortleaf pine,Pinus,Pinaceae,S,fitted,110,1 fitted,1 fitted,1011,0.652014858043507,0.726233624789063,12.7,60.96,19.87296,12.9008154629055,FALSE,0.218714101332772,1.937625808275,0.00155825922155512,conus_mcw_lcw_library.csv v4_horizonfix_2026-09-16
111,slash pine,Pinus,Pinaceae,S,fitted,111,1 fitted,1 fitted,1346,0.448588219102258,0.842914751684375,12.7,69.596,19.87296,16.0320601737863,FALSE,0.335520237592772,1.937625808275,0.00155825922155512,conus_mcw_lcw_library.csv v4_horizonfix_2026-09-16
112,Apache pine,Pinus,Pinaceae,S,spgrp_donor,264,4 donor,1 fitted,341,0.428547437734399,0.738574281791366,12.7,82.3976,19.87296,11.1440775223264,FALSE,-0.700309276757229,1.937625808275,0.00155825922155512,conus_mcw_lcw_library.csv v4_horizonfix_2026-09-16
113,limber pine,Pinus,Pinaceae,S,fitted,113,1 fitted,1 fitted,212,0.79306687836997,0.639160523957645,12.7,52.578,19.87296,9.98113290056317,FALSE,-0.620207517297228,1.937625808275,0.00155825922155512,conus_mcw_lcw_library.csv v4_horizonfix_2026-09-16
114,southwestern white pine,Pinus,Pinaceae,S,spgrp_donor,264,4 donor,1 fitted,341,0.428547437734399,0.738574281791366,12.7,82.3976,19.87296,11.1440775223264,FALSE,-0.700309276757229,1.937625808275,0.00155825922155512,conus_mcw_lcw_library.csv v4_horizonfix_2026-09-16
115,spruce pine,Pinus,Pinaceae,S,fitted,115,2 shrunk,2 shrunk,32,0.618804640843495,0.785224829126432,12.954,48.768,19.87296,13.0954080682851,FALSE,0.002300296002814,1.937625808275,0.00155825922155512,conus_mcw_lcw_library.csv v4_horizonfix_2026-09-16
116,Jeffrey pine,Pinus,Pinaceae,S,fitted,116,2 shrunk,2 shrunk,256,0.546769677174001,0.691764134147814,12.9,151.511,19.87296,17.6261511899124,FALSE,-0.290511777705341,1.937625808275,0.00155825922155512,conus_mcw_lcw_library.csv v4_horizonfix_2026-09-16
117,sugar pine,Pinus,Pinaceae,S,fitted,117,1 fitted,1 fitted,245,0.613354508973331,0.680335539988403,12.8016,114.0968,19.87296,15.3938700278266,FALSE,-0.161035094827272,1.937625808275,0.00155825922155512,conus_mcw_lcw_library.csv v4_horizonfix_2026-09-16
118,Chihuahua pine,Pinus,Pinaceae,S,spgrp_donor,264,4 donor,1 fitted,341,0.428547437734399,0.738574281791366,12.7,82.3976,19.87296,11.1440775223264,FALSE,-0.700309276757229,1.937625808275,0.00155825922155512,conus_mcw_lcw_library.csv v4_horizonfix_2026-09-16
119,western white pine,Pinus,Pinaceae,S,fitted,119,1 fitted,1 fitted,167,0.919377576362124,0.540239401387861,12.7,97.5106,19.87296,10.9158629994435,FALSE,-0.591365043633229,1.937625808275,0.00155825922155512,conus_mcw_lcw_library.csv v4_horizonfix_2026-09-16
120,bishop pine,Pinus,Pinaceae,S,spgrp_donor,264,4 donor,1 fitted,341,0.428547437734399,0.738574281791366,12.7,82.3976,19.87296,11.1440775223264,FALSE,-0.700309276757229,1.937625808275,0.00155825922155512,conus_mcw_lcw_library.csv v4_horizonfix_2026-09-16
121,longleaf pine,Pinus,Pinaceae,S,fitted,121,1 fitted,1 fitted,414,0.426429923431077,0.87004693528375,12.7,63.754,19.87296,15.8435988791787,FALSE,0.155736413955272,1.937625808275,0.00155825922155512,conus_mcw_lcw_library.csv v4_horizonfix_2026-09-16
122,ponderosa pine,Pinus,Pinaceae,S,fitted,122,1 fitted,1 fitted,2696,0.620654629861545,0.683305929431836,12.7,104.8,19.87296,14.9064711347774,FALSE,-0.343297636839028,1.937625808275,0.00155825922155512,conus_mcw_lcw_library.csv v4_horizonfix_2026-09-16
123,Table Mountain pine,Pinus,Pinaceae,S,fitted,123,2 shrunk,2 shrunk,38,0.698153218817688,0.782871803600747,12.954,43.942,19.87296,13.4932023179794,FALSE,-0.0549592036605148,1.937625808275,0.00155825922155512,conus_mcw_lcw_library.csv v4_horizonfix_2026-09-16
124,Monterey pine,Pinus,Pinaceae,S,spgrp_donor,264,4 donor,1 fitted,341,0.428547437734399,0.738574281791366,12.7,82.3976,19.87296,11.1440775223264,FALSE,-0.700309276757229,1.937625808275,0.00155825922155512,conus_mcw_lcw_library.csv v4_horizonfix_2026-09-16
125,red pine,Pinus,Pinaceae,S,fitted,125,1 fitted,1 fitted,1299,0.63592530486371,0.691724088081724,12.7,56.642,19.87296,10.3775370400492,FALSE,-0.0582856255942285,1.937625808275,0.00155825922155512,conus_mcw_lcw_library.csv v4_horizonfix_2026-09-16
126,pitch pine,Pinus,Pinaceae,S,fitted,126,1 fitted,1 fitted,373,0.574935592679658,0.80100093587025,12.7,45.466,19.87296,12.2300387103424,FALSE,-0.0350943965654285,1.937625808275,0.00155825922155512,conus_mcw_lcw_library.csv v4_horizonfix_2026-09-16
127,gray or California foothill pine,Pinus,Pinaceae,S,fitted,127,2 shrunk,2 shrunk,86,0.735569025541793,0.702948085059475,13,88.2904,19.87296,17.1593009242016,FALSE,-0.181931215359283,1.937625808275,0.00155825922155512,conus_mcw_lcw_library.csv v4_horizonfix_2026-09-16
128,pond pine,Pinus,Pinaceae,S,fitted,128,1 fitted,1 fitted,126,1.17140906898629,0.557938367199054,12.954,43.942,19.87296,9.66794711573203,FALSE,0.119708150045272,1.937625808275,0.00155825922155512,conus_mcw_lcw_library.csv v4_horizonfix_2026-09-16
129,eastern white pine,Pinus,Pinaceae,S,fitted,129,2 shrunk,2 shrunk,2591,1.00436624773851,0.611256044840187,12.7,144.78,19.87296,19.87296,TRUE,-0.0985887991447035,1.937625808275,0.00155825922155512,conus_mcw_lcw_library.csv v4_horizonfix_2026-09-16
130,Scotch pine,Pinus,Pinaceae,S,fitted,130,1 fitted,1 fitted,111,1.50792307454952,0.477748636516475,12.7,38.1,19.87296,8.58349065171974,FALSE,-0.135979124192452,1.937625808275,0.00155825922155512,conus_mcw_lcw_library.csv v4_horizonfix_2026-09-16
131,loblolly pine,Pinus,Pinaceae,S,fitted,131,2 shrunk,2 shrunk,9334,0.53107299958862,0.794283826981875,12.7,87.884,19.87296,18.5853331066925,FALSE,0.210710476110271,1.937625808275,0.00155825922155512,conus_mcw_lcw_library.csv v4_horizonfix_2026-09-16
132,Virginia pine,Pinus,Pinaceae,S,fitted,132,1 fitted,1 fitted,1745,1.04839341981243,0.602219566668003,12.7,50.292,19.87296,11.0968629106365,FALSE,0.167174306162772,1.937625808275,0.00155825922155512,conus_mcw_lcw_library.csv v4_horizonfix_2026-09-16
133,singleleaf pinyon,Pinus,Cupressaceae,S,spgrp_donor,65,4 donor,3 borrowed,1,0.771502113343563,0.520959907275303,27.94,27.94,19.87296,4.37283501788719,FALSE,-0.278727939008966,1.937625808275,0.00155825922155512,conus_mcw_lcw_library.csv v4_horizonfix_2026-09-16
134,border pinyon,Pinus,Cupressaceae,S,spgrp_donor,65,4 donor,3 borrowed,1,0.771502113343563,0.520959907275303,27.94,27.94,19.87296,4.37283501788719,FALSE,-0.278727939008966,1.937625808275,0.00155825922155512,conus_mcw_lcw_library.csv v4_horizonfix_2026-09-16
135,Arizona pine,Pinus,Pinaceae,S,spgrp_donor,116,4 donor,2 shrunk,256,0.546769677174001,0.691764134147814,12.9,151.511,19.87296,17.6261511899124,FALSE,-0.290511777705341,1.937625808275,0.00155825922155512,conus_mcw_lcw_library.csv v4_horizonfix_2026-09-16
136,Austrian pine,Pinus,Pinaceae,S,spgrp_donor,202,4 donor,2 shrunk,7119,1.12387060572355,0.54719806657514,12.7,174.4,19.87296,18.9359114017642,FALSE,-0.239553994988043,1.937625808275,0.00155825922155512,conus_mcw_lcw_library.csv v4_horizonfix_2026-09-16
137,Washoe pine,Pinus,Pinaceae,S,spgrp_donor,264,4 donor,1 fitted,341,0.428547437734399,0.738574281791366,12.7,82.3976,19.87296,11.1440775223264,FALSE,-0.700309276757229,1.937625808275,0.00155825922155512,conus_mcw_lcw_library.csv v4_horizonfix_2026-09-16
138,four-leaf or Parry pinyon pine,Pinus,Pinaceae,S,spgrp_donor,264,4 donor,1 fitted,341,0.428547437734399,0.738574281791366,12.7,82.3976,19.87296,11.1440775223264,FALSE,-0.700309276757229,1.937625808275,0.00155825922155512,conus_mcw_lcw_library.csv v4_horizonfix_2026-09-16
139,Torrey pine,Pinus,Pinaceae,S,spgrp_donor,264,4 donor,1 fitted,341,0.428547437734399,0.738574281791366,12.7,82.3976,19.87296,11.1440775223264,FALSE,-0.700309276757229,1.937625808275,0.00155825922155512,conus_mcw_lcw_library.csv v4_horizonfix_2026-09-16
140,Mexican pinyon pine,Pinus,Cupressaceae,S,spgrp_donor,65,4 donor,3 borrowed,1,0.771502113343563,0.520959907275303,27.94,27.94,19.87296,4.37283501788719,FALSE,-0.278727939008966,1.937625808275,0.00155825922155512,conus_mcw_lcw_library.csv v4_horizonfix_2026-09-16
141,Papershell pinyon pine,Pinus,Cupressaceae,S,spgrp_donor,65,4 donor,3 borrowed,1,0.771502113343563,0.520959907275303,27.94,27.94,19.87296,4.37283501788719,FALSE,-0.278727939008966,1.937625808275,0.00155825922155512,conus_mcw_lcw_library.csv v4_horizonfix_2026-09-16
142,Great Basin bristlecone pine,Pinus,Pinaceae,S,spgrp_donor,264,4 donor,1 fitted,341,0.428547437734399,0.738574281791366,12.7,82.3976,19.87296,11.1440775223264,FALSE,-0.700309276757229,1.937625808275,0.00155825922155512,conus_mcw_lcw_library.csv v4_horizonfix_2026-09-16
143,Arizona pinyon pine,Pinus,Cupressaceae,S,spgrp_donor,65,4 donor,3 borrowed,1,0.771502113343563,0.520959907275303,27.94,27.94,19.87296,4.37283501788719,FALSE,-0.278727939008966,1.937625808275,0.00155825922155512,conus_mcw_lcw_library.csv v4_horizonfix_2026-09-16
144,Honduras pine,Pinus,Pinaceae,S,spgrp_donor,202,4 donor,2 shrunk,7119,1.12387060572355,0.54719806657514,12.7,174.4,19.87296,18.9359114017642,FALSE,-0.239553994988043,1.937625808275,0.00155825922155512,conus_mcw_lcw_library.csv v4_horizonfix_2026-09-16
200,Douglas-fir spp.,Pseudotsuga,Pinaceae,S,genus_donor,202,4 donor,2 shrunk,7119,1.12387060572355,0.54719806657514,12.7,174.4,19.87296,18.9359114017642,FALSE,-0.239553994988043,1.937625808275,0.00155825922155512,conus_mcw_lcw_library.csv v4_horizonfix_2026-09-16
201,bigcone Douglas-fir,Pseudotsuga,Pinaceae,S,genus_donor,202,4 donor,2 shrunk,7119,1.12387060572355,0.54719806657514,12.7,174.4,19.87296,18.9359114017642,FALSE,-0.239553994988043,1.937625808275,0.00155825922155512,conus_mcw_lcw_library.csv v4_horizonfix_2026-09-16
202,Douglas-fir,Pseudotsuga,Pinaceae,S,fitted,202,2 shrunk,2 shrunk,7119,1.12387060572355,0.54719806657514,12.7,174.4,19.87296,18.9359114017642,FALSE,-0.239553994988043,1.937625808275,0.00155825922155512,conus_mcw_lcw_library.csv v4_horizonfix_2026-09-16
211,redwood,Sequoia,Cupressaceae,S,fitted,211,1 fitted,1 fitted,152,2.31216651924383,0.36547468048125,13,119.8,19.87296,13.2935951886489,FALSE,-0.262045646991242,1.937625808275,0.00155825922155512,conus_mcw_lcw_library.csv v4_horizonfix_2026-09-16
212,giant sequoia,Sequoiadendron,Pinaceae,S,spgrp_donor,264,4 donor,1 fitted,341,0.428547437734399,0.738574281791366,12.7,82.3976,19.87296,11.1440775223264,FALSE,-0.700309276757229,1.937625808275,0.00155825922155512,conus_mcw_lcw_library.csv v4_horizonfix_2026-09-16
220,baldcypress spp.,Taxodium,Cupressaceae,S,genus_donor,221,4 donor,1 fitted,197,0.487603318553945,0.801441129133375,12.7,73.914,19.87296,15.3370238765313,FALSE,-0.094778927744721,1.937625808275,0.00155825922155512,conus_mcw_lcw_library.csv v4_horizonfix_2026-09-16
221,baldcypress,Taxodium,Cupressaceae,S,fitted,221,1 fitted,1 fitted,197,0.487603318553945,0.801441129133375,12.7,73.914,19.87296,15.3370238765313,FALSE,-0.094778927744721,1.937625808275,0.00155825922155512,conus_mcw_lcw_library.csv v4_horizonfix_2026-09-16
222,pondcypress,Taxodium,Cupressaceae,S,fitted,222,3 borrowed,3 borrowed,13,0.576872314008412,0.729865321052618,13.208,75.692,19.87296,13.5685398248639,FALSE,-0.154538164648175,1.937625808275,0.00155825922155512,conus_mcw_lcw_library.csv v4_horizonfix_2026-09-16
223,Montezuma baldcypress,Taxodium,Cupressaceae,S,genus_donor,221,4 donor,1 fitted,197,0.487603318553945,0.801441129133375,12.7,73.914,19.87296,15.3370238765313,FALSE,-0.094778927744721,1.937625808275,0.00155825922155512,conus_mcw_lcw_library.csv v4_horizonfix_2026-09-16
230,yew spp.,Taxus,Taxaceae,S,genus_donor,231,4 donor,2 shrunk,31,1.61480617323384,0.50440533048674,13.6,41.2999999999999,19.87296,10.5490711341562,FALSE,-0.570334027953826,1.937625808275,0.00155825922155512,conus_mcw_lcw_library.csv v4_horizonfix_2026-09-16
231,Pacific yew,Taxus,Taxaceae,S,fitted,231,2 shrunk,2 shrunk,31,1.61480617323384,0.50440533048674,13.6,41.2999999999999,19.87296,10.5490711341562,FALSE,-0.570334027953826,1.937625808275,0.00155825922155512,conus_mcw_lcw_library.csv v4_horizonfix_2026-09-16
232,Florida yew,Taxus,Taxaceae,S,genus_donor,231,4 donor,2 shrunk,31,1.61480617323384,0.50440533048674,13.6,41.2999999999999,19.87296,10.5490711341562,FALSE,-0.570334027953826,1.937625808275,0.00155825922155512,conus_mcw_lcw_library.csv v4_horizonfix_2026-09-16
240,thuja spp.,Thuja,Cupressaceae,S,genus_donor,241,4 donor,1 fitted,3048,0.838621272396566,0.584851501552181,12.7,59.69,19.87296,9.16652188197645,FALSE,-0.320348881464934,1.937625808275,0.00155825922155512,conus_mcw_lcw_library.csv v4_horizonfix_2026-09-16
241,northern white-cedar,Thuja,Cupressaceae,S,fitted,241,1 fitted,1 fitted,3048,0.838621272396566,0.584851501552181,12.7,59.69,19.87296,9.16652188197645,FALSE,-0.320348881464934,1.937625808275,0.00155825922155512,conus_mcw_lcw_library.csv v4_horizonfix_2026-09-16
242,western redcedar,Thuja,Cupressaceae,S,fitted,242,1 fitted,1 fitted,782,1.58360020241761,0.48803376382675,12.7,157.4,19.87296,18.7007074024175,FALSE,-0.346060347474552,1.937625808275,0.00155825922155512,conus_mcw_lcw_library.csv v4_horizonfix_2026-09-16
250,torreya (nutmeg) spp.,Torreya,Taxaceae,S,genus_donor,251,4 donor,3 borrowed,4,1.08595719411582,0.715935296330865,19.3,20.0914,19.87296,9.3042999034464,FALSE,-0.262505405975226,1.937625808275,0.00155825922155512,conus_mcw_lcw_library.csv v4_horizonfix_2026-09-16
251,California torreya (nutmeg),Torreya,Taxaceae,S,fitted,251,3 borrowed,3 borrowed,4,1.08595719411582,0.715935296330865,19.3,20.0914,19.87296,9.3042999034464,FALSE,-0.262505405975226,1.937625808275,0.00155825922155512,conus_mcw_lcw_library.csv v4_horizonfix_2026-09-16
252,Florida torreya (nutmeg),Torreya,Taxaceae,S,genus_donor,251,4 donor,3 borrowed,4,1.08595719411582,0.715935296330865,19.3,20.0914,19.87296,9.3042999034464,FALSE,-0.262505405975226,1.937625808275,0.00155825922155512,conus_mcw_lcw_library.csv v4_horizonfix_2026-09-16
260,hemlock spp.,Tsuga,Pinaceae,S,fitted,260,3 borrowed,3 borrowed,15,1.24776673109862,0.589525783189704,12.954,47.752,19.87296,12.1882743069049,FALSE,-0.265768930366461,1.937625808275,0.00155825922155512,conus_mcw_lcw_library.csv v4_horizonfix_2026-09-16
261,eastern hemlock,Tsuga,Pinaceae,S,fitted,261,1 fitted,1 fitted,1632,1.528462257657,0.525036174568909,12.7,76.962,19.87296,14.9492028699732,FALSE,-0.421032372538228,1.937625808275,0.00155825922155512,conus_mcw_lcw_library.csv v4_horizonfix_2026-09-16
262,Carolina hemlock,Tsuga,Pinaceae,S,genus_donor,263,4 donor,2 shrunk,1645,1.32391017540475,0.526842219929303,12.7,161.2,19.87296,19.2660026925752,FALSE,-0.386840359613079,1.937625808275,0.00155825922155512,conus_mcw_lcw_library.csv v4_horizonfix_2026-09-16
263,western hemlock,Tsuga,Pinaceae,S,fitted,263,2 shrunk,2 shrunk,1645,1.32391017540475,0.526842219929303,12.7,161.2,19.87296,19.2660026925752,FALSE,-0.386840359613079,1.937625808275,0.00155825922155512,conus_mcw_lcw_library.csv v4_horizonfix_2026-09-16
264,mountain hemlock,Tsuga,Pinaceae,S,fitted,264,1 fitted,1 fitted,341,0.428547437734399,0.738574281791366,12.7,82.3976,19.87296,11.1440775223264,FALSE,-0.700309276757229,1.937625808275,0.00155825922155512,conus_mcw_lcw_library.csv v4_horizonfix_2026-09-16
299,Unknown dead conifer,Tree,Tree,S,genus_donor,999,4 donor,2 shrunk,44,1.96082080242081,0.466938272552977,12.7,47.498,22.86,11.8943793311063,FALSE,-0.0746695646974778,1.937625808275,0.00155825922155512,conus_mcw_lcw_library.csv v4_horizonfix_2026-09-16
300,acacia spp.,Acacia,Betulaceae,H,spgrp_donor,375,4 donor,1 fitted,2463,0.870881084648964,0.691090384326588,12.7,48.768,22.86,12.7824083063039,FALSE,0.0987928122718898,1.937625808275,0.00155825922155512,conus_mcw_lcw_library.csv v4_horizonfix_2026-09-16
303,sweet acacia,Acacia,Ericaceae,H,spgrp_donor,711,4 donor,2 shrunk,548,1.67426194303798,0.513814901632918,12.7,53.848,22.86,12.9814777042514,FALSE,0.130640903007489,1.937625808275,0.00155825922155512,conus_mcw_lcw_library.csv v4_horizonfix_2026-09-16
304,catclaw acacia,Acacia,Ericaceae,H,spgrp_donor,711,4 donor,2 shrunk,548,1.67426194303798,0.513814901632918,12.7,53.848,22.86,12.9814777042514,FALSE,0.130640903007489,1.937625808275,0.00155825922155512,conus_mcw_lcw_library.csv v4_horizonfix_2026-09-16
310,maple spp.,Acer,Sapindaceae,H,genus_donor,316,4 donor,1 fitted,9193,1.71931497455165,0.512320794294163,12.7,81.534,22.86,16.3898142562421,FALSE,-0.0255830228698653,1.937625808275,0.00155825922155512,conus_mcw_lcw_library.csv v4_horizonfix_2026-09-16
311,Florida maple,Acer,Sapindaceae,H,fitted,311,2 shrunk,2 shrunk,26,1.82732852132849,0.527136492071487,13.208,37.846,22.86,12.4064792112587,FALSE,-0.025506710915886,1.937625808275,0.00155825922155512,conus_mcw_lcw_library.csv v4_horizonfix_2026-09-16
312,bigleaf maple,Acer,Sapindaceae,H,fitted,312,2 shrunk,2 shrunk,161,1.63771072692661,0.595724091969183,13,86.6999999999999,22.86,22.86,TRUE,-0.388406494185218,1.937625808275,0.00155825922155512,conus_mcw_lcw_library.csv v4_horizonfix_2026-09-16
313,boxelder,Acer,Sapindaceae,H,fitted,313,2 shrunk,2 shrunk,319,1.49638326258904,0.562625676284109,12.7,93.472,22.86,19.2220132995117,FALSE,-0.304689405871573,1.937625808275,0.00155825922155512,conus_mcw_lcw_library.csv v4_horizonfix_2026-09-16
314,black maple,Acer,Sapindaceae,H,fitted,314,3 borrowed,3 borrowed,5,1.59339146326097,0.604743078443157,16.51,21.59,22.86,10.2141571734624,FALSE,-0.0694535045949603,1.937625808275,0.00155825922155512,conus_mcw_lcw_library.csv v4_horizonfix_2026-09-16
315,striped maple,Acer,Sapindaceae,H,fitted,315,2 shrunk,2 shrunk,65,1.7407833808003,0.482324681563404,12.7,20.32,22.86,7.44026862517421,FALSE,0.0301874608947193,1.937625808275,0.00155825922155512,conus_mcw_lcw_library.csv v4_horizonfix_2026-09-16
316,red maple,Acer,Sapindaceae,H,fitted,316,1 fitted,1 fitted,9193,1.71931497455165,0.512320794294163,12.7,81.534,22.86,16.3898142562421,FALSE,-0.0255830228698653,1.937625808275,0.00155825922155512,conus_mcw_lcw_library.csv v4_horizonfix_2026-09-16
317,silver maple,Acer,Sapindaceae,H,fitted,317,1 fitted,1 fitted,245,1.10862854808034,0.618311046444108,12.954,70.612,22.86,15.4158709354971,FALSE,-0.243715554405142,1.937625808275,0.00155825922155512,conus_mcw_lcw_library.csv v4_horizonfix_2026-09-16
318,sugar maple,Acer,Sapindaceae,H,fitted,318,1 fitted,1 fitted,4963,1.87313217897024,0.495833866083115,12.7,96.52,22.86,18.0554742366459,FALSE,-0.100505716655423,1.937625808275,0.00155825922155512,conus_mcw_lcw_library.csv v4_horizonfix_2026-09-16
319,mountain maple,Acer,Sapindaceae,H,fitted,319,3 borrowed,3 borrowed,3,1.4667771050971,0.516025600356766,20.828,23.876,22.86,7.54097618035038,FALSE,-0.119245759521809,1.937625808275,0.00155825922155512,conus_mcw_lcw_library.csv v4_horizonfix_2026-09-16
320,Norway maple,Acer,Sapindaceae,H,fitted,320,3 borrowed,3 borrowed,1,1.65028135325692,0.512391244112423,21.844,21.844,22.86,8.01345990542106,FALSE,-0.14021005121333,1.937625808275,0.00155825922155512,conus_mcw_lcw_library.csv v4_horizonfix_2026-09-16
321,Rocky Mountain maple,Acer,Sapindaceae,H,fitted,321,3 borrowed,3 borrowed,1,1.49260894079217,0.517770915885518,16.9,16.9,22.86,6.45223330231313,FALSE,-0.122073700449358,1.937625808275,0.00155825922155512,conus_mcw_lcw_library.csv v4_horizonfix_2026-09-16
322,bigtooth maple,Acer,Sapindaceae,H,genus_donor,316,4 donor,1 fitted,9193,1.71931497455165,0.512320794294163,12.7,81.534,22.86,16.3898142562421,FALSE,-0.0255830228698653,1.937625808275,0.00155825922155512,conus_mcw_lcw_library.csv v4_horizonfix_2026-09-16
323,chalk maple,Acer,Sapindaceae,H,genus_donor,316,4 donor,1 fitted,9193,1.71931497455165,0.512320794294163,12.7,81.534,22.86,16.3898142562421,FALSE,-0.0255830228698653,1.937625808275,0.00155825922155512,conus_mcw_lcw_library.csv v4_horizonfix_2026-09-16
330,"buckeye, horsechestnut spp.",Aesculus,Sapindaceae,H,genus_donor,331,4 donor,2 shrunk,34,1.6723645709219,0.49662041726854,12.7,65.786,22.86,13.3737489452001,FALSE,0.0202478238320329,1.937625808275,0.00155825922155512,conus_mcw_lcw_library.csv v4_horizonfix_2026-09-16
331,Ohio buckeye,Aesculus,Sapindaceae,H,fitted,331,2 shrunk,2 shrunk,34,1.6723645709219,0.49662041726854,12.7,65.786,22.86,13.3737489452001,FALSE,0.0202478238320329,1.937625808275,0.00155825922155512,conus_mcw_lcw_library.csv v4_horizonfix_2026-09-16
332,yellow buckeye,Aesculus,Sapindaceae,H,fitted,332,2 shrunk,2 shrunk,24,2.03052867966615,0.483671740113565,13.208,73.914,22.86,16.2726927868273,FALSE,-0.0387316336784803,1.937625808275,0.00155825922155512,conus_mcw_lcw_library.csv v4_horizonfix_2026-09-16
333,California buckeye,Aesculus,Sapindaceae,H,fitted,333,2 shrunk,2 shrunk,22,1.50436882845523,0.529501399497741,12.9,20.2,22.86,7.38821802525092,FALSE,-0.14517638497032,1.937625808275,0.00155825922155512,conus_mcw_lcw_library.csv v4_horizonfix_2026-09-16
334,Texas buckeye,Aesculus,Sapindaceae,H,genus_donor,331,4 donor,2 shrunk,34,1.6723645709219,0.49662041726854,12.7,65.786,22.86,13.3737489452001,FALSE,0.0202478238320329,1.937625808275,0.00155825922155512,conus_mcw_lcw_library.csv v4_horizonfix_2026-09-16
336,red buckeye,Aesculus,Sapindaceae,H,genus_donor,331,4 donor,2 shrunk,34,1.6723645709219,0.49662041726854,12.7,65.786,22.86,13.3737489452001,FALSE,0.0202478238320329,1.937625808275,0.00155825922155512,conus_mcw_lcw_library.csv v4_horizonfix_2026-09-16
337,painted buckeye,Aesculus,Sapindaceae,H,genus_donor,331,4 donor,2 shrunk,34,1.6723645709219,0.49662041726854,12.7,65.786,22.86,13.3737489452001,FALSE,0.0202478238320329,1.937625808275,0.00155825922155512,conus_mcw_lcw_library.csv v4_horizonfix_2026-09-16
341,ailanthus,Ailanthus,Simaroubaceae,H,fitted,341,3 borrowed,3 borrowed,14,1.45115565908698,0.615019406323999,12.7,22.86,22.86,9.9442550258595,FALSE,0.0465894182343413,1.937625808275,0.00155825922155512,conus_mcw_lcw_library.csv v4_horizonfix_2026-09-16
345,"mimosa, silktree",Albizia,Ericaceae,H,spgrp_donor,711,4 donor,2 shrunk,548,1.67426194303798,0.513814901632918,12.7,53.848,22.86,12.9814777042514,FALSE,0.130640903007489,1.937625808275,0.00155825922155512,conus_mcw_lcw_library.csv v4_horizonfix_2026-09-16
350,alder spp.,Alnus,Betulaceae,H,genus_donor,351,4 donor,1 fitted,670,1.2729014194272,0.604572991111064,12.7,71.8000000000001,22.86,16.8638790180775,FALSE,-0.256320428438685,1.937625808275,0.00155825922155512,conus_mcw_lcw_library.csv v4_horizonfix_2026-09-16
351,red alder,Alnus,Betulaceae,H,fitted,351,1 fitted,1 fitted,670,1.2729014194272,0.604572991111064,12.7,71.8000000000001,22.86,16.8638790180775,FALSE,-0.256320428438685,1.937625808275,0.00155825922155512,conus_mcw_lcw_library.csv v4_horizonfix_2026-09-16
352,white alder,Alnus,Betulaceae,H,fitted,352,2 shrunk,2 shrunk,47,1.18161546631112,0.614354272010183,13.1064,45.9,22.86,12.3998916269692,FALSE,-0.0651699292092411,1.937625808275,0.00155825922155512,conus_mcw_lcw_library.csv v4_horizonfix_2026-09-16
353,Arizona alder,Alnus,Betulaceae,H,genus_donor,351,4 donor,1 fitted,670,1.2729014194272,0.604572991111064,12.7,71.8000000000001,22.86,16.8638790180775,FALSE,-0.256320428438685,1.937625808275,0.00155825922155512,conus_mcw_lcw_library.csv v4_horizonfix_2026-09-16
355,European alder,Alnus,Betulaceae,H,genus_donor,351,4 donor,1 fitted,670,1.2729014194272,0.604572991111064,12.7,71.8000000000001,22.86,16.8638790180775,FALSE,-0.256320428438685,1.937625808275,0.00155825922155512,conus_mcw_lcw_library.csv v4_horizonfix_2026-09-16
356,serviceberry spp.,Amelanchier,Rosaceae,H,fitted,356,2 shrunk,2 shrunk,52,1.81012265558955,0.511740146047372,12.954,27.686,22.86,9.90308386454449,FALSE,0.111624436569544,1.937625808275,0.00155825922155512,conus_mcw_lcw_library.csv v4_horizonfix_2026-09-16
357,common serviceberry,Amelanchier,Rosaceae,H,genus_donor,356,4 donor,2 shrunk,52,1.81012265558955,0.511740146047372,12.954,27.686,22.86,9.90308386454449,FALSE,0.111624436569544,1.937625808275,0.00155825922155512,conus_mcw_lcw_library.csv v4_horizonfix_2026-09-16
358,roundleaf serviceberry,Amelanchier,Rosaceae,H,genus_donor,356,4 donor,2 shrunk,52,1.81012265558955,0.511740146047372,12.954,27.686,22.86,9.90308386454449,FALSE,0.111624436569544,1.937625808275,0.00155825922155512,conus_mcw_lcw_library.csv v4_horizonfix_2026-09-16
360,madrone spp.,Arbutus,Ericaceae,H,genus_donor,361,4 donor,2 shrunk,293,0.886092293709296,0.64884933999844,12.7,63,22.86,13.0310642918658,FALSE,-0.126809900835026,1.937625808275,0.00155825922155512,conus_mcw_lcw_library.csv v4_horizonfix_2026-09-16
361,Pacific madrone,Arbutus,Ericaceae,H,fitted,361,2 shrunk,2 shrunk,293,0.886092293709296,0.64884933999844,12.7,63,22.86,13.0310642918658,FALSE,-0.126809900835026,1.937625808275,0.00155825922155512,conus_mcw_lcw_library.csv v4_horizonfix_2026-09-16
362,Arizona madrone,Arbutus,Ericaceae,H,genus_donor,361,4 donor,2 shrunk,293,0.886092293709296,0.64884933999844,12.7,63,22.86,13.0310642918658,FALSE,-0.126809900835026,1.937625808275,0.00155825922155512,conus_mcw_lcw_library.csv v4_horizonfix_2026-09-16
363,Texas madrone,Arbutus,Ericaceae,H,genus_donor,361,4 donor,2 shrunk,293,0.886092293709296,0.64884933999844,12.7,63,22.86,13.0310642918658,FALSE,-0.126809900835026,1.937625808275,0.00155825922155512,conus_mcw_lcw_library.csv v4_horizonfix_2026-09-16
367,pawpaw,Asimina,Ericaceae,H,spgrp_donor,711,4 donor,2 shrunk,548,1.67426194303798,0.513814901632918,12.7,53.848,22.86,12.9814777042514,FALSE,0.130640903007489,1.937625808275,0.00155825922155512,conus_mcw_lcw_library.csv v4_horizonfix_2026-09-16
370,birch spp.,Betula,Betulaceae,H,fitted,370,3 borrowed,3 borrowed,18,1.16861838661084,0.640492865697335,14.478,46.736,22.86,13.711109978742,FALSE,-0.0230851807895597,1.937625808275,0.00155825922155512,conus_mcw_lcw_library.csv v4_horizonfix_2026-09-16
371,yellow birch,Betula,Betulaceae,H,fitted,371,1 fitted,1 fitted,1149,1.88657387865196,0.502118352882144,12.7,75.184,22.86,16.5086221115914,FALSE,-0.194194341550904,1.937625808275,0.00155825922155512,conus_mcw_lcw_library.csv v4_horizonfix_2026-09-16
372,sweet birch,Betula,Betulaceae,H,fitted,372,1 fitted,1 fitted,668,1.59609488606733,0.546263269029532,12.7,67.31,22.86,15.9100461460141,FALSE,0.00241922203697728,1.937625808275,0.00155825922155512,conus_mcw_lcw_library.csv v4_horizonfix_2026-09-16
373,river birch,Betula,Betulaceae,H,fitted,373,3 borrowed,3 borrowed,98,0.729033787762305,0.820680212556224,12.7,64.262,22.86,22.207512986121,FALSE,-0.118199581891396,1.937625808275,0.00155825922155512,conus_mcw_lcw_library.csv v4_horizonfix_2026-09-16
374,water birch,Betula,Betulaceae,H,genus_donor,375,4 donor,1 fitted,2463,0.870881084648964,0.691090384326588,12.7,48.768,22.86,12.7824083063039,FALSE,0.0987928122718898,1.937625808275,0.00155825922155512,conus_mcw_lcw_library.csv v4_horizonfix_2026-09-16
375,paper birch,Betula,Betulaceae,H,fitted,375,1 fitted,1 fitted,2463,0.870881084648964,0.691090384326588,12.7,48.768,22.86,12.7824083063039,FALSE,0.0987928122718898,1.937625808275,0.00155825922155512,conus_mcw_lcw_library.csv v4_horizonfix_2026-09-16
376,,unknown,unknown,H,fitted,376,3 borrowed,3 borrowed,12,1.23969304038743,0.541147717528433,12.7,22.352,22.86,6.66029778477236,FALSE,0.0914669146875212,1.937625808275,0.00155825922155512,conus_mcw_lcw_library.csv v4_horizonfix_2026-09-16
377,Virginia roundleaf birch,Betula,Betulaceae,H,genus_donor,375,4 donor,1 fitted,2463,0.870881084648964,0.691090384326588,12.7,48.768,22.86,12.7824083063039,FALSE,0.0987928122718898,1.937625808275,0.00155825922155512,conus_mcw_lcw_library.csv v4_horizonfix_2026-09-16
378,northwestern paper birch,Betula,Betulaceae,H,genus_donor,375,4 donor,1 fitted,2463,0.870881084648964,0.691090384326588,12.7,48.768,22.86,12.7824083063039,FALSE,0.0987928122718898,1.937625808275,0.00155825922155512,conus_mcw_lcw_library.csv v4_horizonfix_2026-09-16
379,gray birch,Betula,Betulaceae,H,fitted,379,2 shrunk,2 shrunk,202,1.17239351372793,0.563248106041204,12.7,25.4,22.86,7.25008898912498,FALSE,0.0460354466144233,1.937625808275,0.00155825922155512,conus_mcw_lcw_library.csv v4_horizonfix_2026-09-16
381,"chittamwood, gum bumelia",Sideroxylon,Ericaceae,H,spgrp_donor,711,4 donor,2 shrunk,548,1.67426194303798,0.513814901632918,12.7,53.848,22.86,12.9814777042514,FALSE,0.130640903007489,1.937625808275,0.00155825922155512,conus_mcw_lcw_library.csv v4_horizonfix_2026-09-16
391,American hornbeam,Carpinus,Betulaceae,H,fitted,391,2 shrunk,2 shrunk,197,1.50523519206517,0.62971243927138,12.7,46.99,22.86,17.0014902502081,FALSE,-0.0907329417222637,1.937625808275,0.00155825922155512,conus_mcw_lcw_library.csv v4_horizonfix_2026-09-16
400,hickory spp.,Carya,Juglandaceae,H,fitted,400,2 shrunk,2 shrunk,377,1.13653691530153,0.638076262292905,12.7,79.248,22.86,18.5047366913545,FALSE,-0.0154503349818104,1.937625808275,0.00155825922155512,conus_mcw_lcw_library.csv v4_horizonfix_2026-09-16
401,water hickory,Carya,Juglandaceae,H,fitted,401,3 borrowed,3 borrowed,18,1.04642736772307,0.657390873213014,13.208,56.896,22.86,14.9102114938303,FALSE,-0.0655213043744895,1.937625808275,0.00155825922155512,conus_mcw_lcw_library.csv v4_horizonfix_2026-09-16
402,bitternut hickory,Carya,Juglandaceae,H,fitted,402,1 fitted,1 fitted,209,1.3318269699519,0.587485673914435,12.7,63.754,22.86,15.2957252373756,FALSE,0.15546498128937,1.937625808275,0.00155825922155512,conus_mcw_lcw_library.csv v4_horizonfix_2026-09-16
403,pignut hickory,Carya,Juglandaceae,H,fitted,403,1 fitted,1 fitted,600,1.07462004019627,0.663178598554329,12.7,60.706,22.86,16.3627381439346,FALSE,0.0184331971931167,1.937625808275,0.00155825922155512,conus_mcw_lcw_library.csv v4_horizonfix_2026-09-16
404,pecan,Carya,Juglandaceae,H,fitted,404,3 borrowed,3 borrowed,10,1.00975412608377,0.666734807515462,16.002,36.83,22.86,11.1803870376249,FALSE,-0.044050919324392,1.937625808275,0.00155825922155512,conus_mcw_lcw_library.csv v4_horizonfix_2026-09-16
405,shellbark hickory,Carya,Juglandaceae,H,fitted,405,2 shrunk,2 shrunk,25,1.40568922389875,0.575668898213585,13.97,71.374,22.86,16.4026744787928,FALSE,-0.0734494164891178,1.937625808275,0.00155825922155512,conus_mcw_lcw_library.csv v4_horizonfix_2026-09-16
406,nutmeg hickory,Carya,Juglandaceae,H,genus_donor,409,4 donor,1 fitted,627,1.01517928861121,0.69451141923629,12.7,58.42,22.86,17.1174835791445,FALSE,-0.00962526808106923,1.937625808275,0.00155825922155512,conus_mcw_lcw_library.csv v4_horizonfix_2026-09-16
407,shagbark hickory,Carya,Juglandaceae,H,fitted,407,2 shrunk,2 shrunk,398,0.970086386675944,0.683251220779139,12.7,72.898,22.86,18.1766199563077,FALSE,-0.0113331245575978,1.937625808275,0.00155825922155512,conus_mcw_lcw_library.csv v4_horizonfix_2026-09-16
408,black hickory,Carya,Juglandaceae,H,fitted,408,2 shrunk,2 shrunk,63,1.0525464923791,0.668150419863956,12.7,42.418,22.86,12.8732922757282,FALSE,-0.0947722872245958,1.937625808275,0.00155825922155512,conus_mcw_lcw_library.csv v4_horizonfix_2026-09-16
409,mockernut hickory,Carya,Juglandaceae,H,fitted,409,1 fitted,1 fitted,627,1.01517928861121,0.69451141923629,12.7,58.42,22.86,17.1174835791445,FALSE,-0.00962526808106923,1.937625808275,0.00155825922155512,conus_mcw_lcw_library.csv v4_horizonfix_2026-09-16
410,sand hickory,Carya,Juglandaceae,H,fitted,410,3 borrowed,3 borrowed,2,1.04852029882043,0.657010181953107,26.924,28.956,22.86,9.5709261480435,FALSE,-0.0357603198890285,1.937625808275,0.00155825922155512,conus_mcw_lcw_library.csv v4_horizonfix_2026-09-16
411,scrub hickory,Carya,Juglandaceae,H,genus_donor,409,4 donor,1 fitted,627,1.01517928861121,0.69451141923629,12.7,58.42,22.86,17.1174835791445,FALSE,-0.00962526808106923,1.937625808275,0.00155825922155512,conus_mcw_lcw_library.csv v4_horizonfix_2026-09-16
412,red hickory,Carya,Juglandaceae,H,genus_donor,409,4 donor,1 fitted,627,1.01517928861121,0.69451141923629,12.7,58.42,22.86,17.1174835791445,FALSE,-0.00962526808106923,1.937625808275,0.00155825922155512,conus_mcw_lcw_library.csv v4_horizonfix_2026-09-16
413,southern shagbark hickory,Carya,Juglandaceae,H,genus_donor,409,4 donor,1 fitted,627,1.01517928861121,0.69451141923629,12.7,58.42,22.86,17.1174835791445,FALSE,-0.00962526808106923,1.937625808275,0.00155825922155512,conus_mcw_lcw_library.csv v4_horizonfix_2026-09-16
420,chestnut spp.,Castanea,Fagaceae,H,genus_donor,421,4 donor,3 borrowed,5,1.13306673878338,0.669278449595438,12.954,50.292,22.86,15.5966756777621,FALSE,-0.0929112870494617,1.937625808275,0.00155825922155512,conus_mcw_lcw_library.csv v4_horizonfix_2026-09-16
421,American chestnut,Castanea,Fagaceae,H,fitted,421,3 borrowed,3 borrowed,5,1.13306673878338,0.669278449595438,12.954,50.292,22.86,15.5966756777621,FALSE,-0.0929112870494617,1.937625808275,0.00155825922155512,conus_mcw_lcw_library.csv v4_horizonfix_2026-09-16
422,Allegheny chinkapin,Castanea,Fagaceae,H,genus_donor,421,4 donor,3 borrowed,5,1.13306673878338,0.669278449595438,12.954,50.292,22.86,15.5966756777621,FALSE,-0.0929112870494617,1.937625808275,0.00155825922155512,conus_mcw_lcw_library.csv v4_horizonfix_2026-09-16
423,Ozark chinkapin,Castanea,Fagaceae,H,genus_donor,421,4 donor,3 borrowed,5,1.13306673878338,0.669278449595438,12.954,50.292,22.86,15.5966756777621,FALSE,-0.0929112870494617,1.937625808275,0.00155825922155512,conus_mcw_lcw_library.csv v4_horizonfix_2026-09-16
424,Chinese chestnut,Castanea,Fagaceae,H,genus_donor,421,4 donor,3 borrowed,5,1.13306673878338,0.669278449595438,12.954,50.292,22.86,15.5966756777621,FALSE,-0.0929112870494617,1.937625808275,0.00155825922155512,conus_mcw_lcw_library.csv v4_horizonfix_2026-09-16
431,"giant chinkapin, golden chinkapin",Chrysolepis,Fagaceae,H,fitted,431,2 shrunk,2 shrunk,57,0.944171959720697,0.542930824788767,12.8,42.3,22.86,7.21176249286583,FALSE,-0.0783485373985615,1.937625808275,0.00155825922155512,conus_mcw_lcw_library.csv v4_horizonfix_2026-09-16
450,catalpa spp.,Catalpa,Bignoniaceae,H,fitted,450,3 borrowed,3 borrowed,1,1.17257069322801,0.57697643670414,55.118,55.118,22.86,11.8528919576445,FALSE,0.00563945029845975,1.937625808275,0.00155825922155512,conus_mcw_lcw_library.csv v4_horizonfix_2026-09-16
451,southern catalpa,Catalpa,Bignoniaceae,H,fitted,451,3 borrowed,3 borrowed,4,1.14481302424731,0.546080450948281,19.812,38.1,22.86,8.35693040141519,FALSE,0.062070266859478,1.937625808275,0.00155825922155512,conus_mcw_lcw_library.csv v4_horizonfix_2026-09-16
452,northern catalpa,Catalpa,Bignoniaceae,H,fitted,452,3 borrowed,3 borrowed,3,1.1959588703027,0.608786380526158,14.986,17.018,22.86,6.71547267807647,FALSE,-0.0272020323181838,1.937625808275,0.00155825922155512,conus_mcw_lcw_library.csv v4_horizonfix_2026-09-16
460,hackberry spp.,Celtis,Ulmaceae,H,fitted,460,3 borrowed,3 borrowed,7,1.4615746833172,0.605894860635432,15.748,34.29,22.86,12.4443180215539,FALSE,-0.089583731724723,1.937625808275,0.00155825922155512,conus_mcw_lcw_library.csv v4_horizonfix_2026-09-16
461,sugarberry,Celtis,Ulmaceae,H,fitted,461,2 shrunk,2 shrunk,35,2.18815940212421,0.438320813354269,12.954,45.974,22.86,11.7163596889887,FALSE,-0.040293660841746,1.937625808275,0.00155825922155512,conus_mcw_lcw_library.csv v4_horizonfix_2026-09-16
462,hackberry,Celtis,Ulmaceae,H,fitted,462,1 fitted,1 fitted,245,1.25461842967326,0.612150488942029,12.7,66.294,22.86,16.3503856103124,FALSE,0.122579749907304,1.937625808275,0.00155825922155512,conus_mcw_lcw_library.csv v4_horizonfix_2026-09-16
463,netleaf hackberry,Celtis,Ulmaceae,H,genus_donor,462,4 donor,1 fitted,245,1.25461842967326,0.612150488942029,12.7,66.294,22.86,16.3503856103124,FALSE,0.122579749907304,1.937625808275,0.00155825922155512,conus_mcw_lcw_library.csv v4_horizonfix_2026-09-16
471,eastern redbud,Cercis,Fabaceae,H,fitted,471,2 shrunk,2 shrunk,28,1.69440859910255,0.492390309926551,12.954,21.59,22.86,7.69114889196206,FALSE,0.217950913179113,1.937625808275,0.00155825922155512,conus_mcw_lcw_library.csv v4_horizonfix_2026-09-16
475,curlleaf mountain-mahogany,Cercocarpus,,H,clade_population,,5 population,5 population,66723,1.29590667364286,0.592458600322,12.7,174.4,22.86,22.86,TRUE,-0.0510659711849785,1.937625808275,0.00155825922155512,conus_mcw_lcw_library.csv v4_horizonfix_2026-09-16
481,yellowwood,Cladrastis,Ericaceae,H,spgrp_donor,711,4 donor,2 shrunk,548,1.67426194303798,0.513814901632918,12.7,53.848,22.86,12.9814777042514,FALSE,0.130640903007489,1.937625808275,0.00155825922155512,conus_mcw_lcw_library.csv v4_horizonfix_2026-09-16
490,dogwood spp.,Cornus,Cornaceae,H,genus_donor,491,4 donor,2 shrunk,275,1.42919174907173,0.648797680734153,12.7,28.702,22.86,12.6177096204158,FALSE,-0.0560878210197308,1.937625808275,0.00155825922155512,conus_mcw_lcw_library.csv v4_horizonfix_2026-09-16
491,flowering dogwood,Cornus,Cornaceae,H,fitted,491,2 shrunk,2 shrunk,275,1.42919174907173,0.648797680734153,12.7,28.702,22.86,12.6177096204158,FALSE,-0.0560878210197308,1.937625808275,0.00155825922155512,conus_mcw_lcw_library.csv v4_horizonfix_2026-09-16
492,Pacific dogwood,Cornus,Cornaceae,H,fitted,492,3 borrowed,3 borrowed,4,1.33570128452487,0.548152740203711,14,14.4018,22.86,5.76366424263927,FALSE,-0.222805941149995,1.937625808275,0.00155825922155512,conus_mcw_lcw_library.csv v4_horizonfix_2026-09-16
500,hawthorn spp.,Crataegus,Rosaceae,H,fitted,500,2 shrunk,2 shrunk,43,1.27830629838767,0.703084260201097,12.7,47.498,22.86,19.2965184006894,FALSE,-0.437327927483218,1.937625808275,0.00155825922155512,conus_mcw_lcw_library.csv v4_horizonfix_2026-09-16
501,cockspur hawthorn,Crataegus,Rosaceae,H,genus_donor,500,4 donor,2 shrunk,43,1.27830629838767,0.703084260201097,12.7,47.498,22.86,19.2965184006894,FALSE,-0.437327927483218,1.937625808275,0.00155825922155512,conus_mcw_lcw_library.csv v4_horizonfix_2026-09-16
502,downy hawthorn,Crataegus,Rosaceae,H,genus_donor,500,4 donor,2 shrunk,43,1.27830629838767,0.703084260201097,12.7,47.498,22.86,19.2965184006894,FALSE,-0.437327927483218,1.937625808275,0.00155825922155512,conus_mcw_lcw_library.csv v4_horizonfix_2026-09-16
503,Brainerd's hawthorn,Crataegus,Rosaceae,H,genus_donor,500,4 donor,2 shrunk,43,1.27830629838767,0.703084260201097,12.7,47.498,22.86,19.2965184006894,FALSE,-0.437327927483218,1.937625808275,0.00155825922155512,conus_mcw_lcw_library.csv v4_horizonfix_2026-09-16
504,pear hawthorn,Crataegus,Rosaceae,H,genus_donor,500,4 donor,2 shrunk,43,1.27830629838767,0.703084260201097,12.7,47.498,22.86,19.2965184006894,FALSE,-0.437327927483218,1.937625808275,0.00155825922155512,conus_mcw_lcw_library.csv v4_horizonfix_2026-09-16
505,fireberry hawthorn,Crataegus,Rosaceae,H,genus_donor,500,4 donor,2 shrunk,43,1.27830629838767,0.703084260201097,12.7,47.498,22.86,19.2965184006894,FALSE,-0.437327927483218,1.937625808275,0.00155825922155512,conus_mcw_lcw_library.csv v4_horizonfix_2026-09-16
506,broadleaf hawthorn,Crataegus,Rosaceae,H,genus_donor,500,4 donor,2 shrunk,43,1.27830629838767,0.703084260201097,12.7,47.498,22.86,19.2965184006894,FALSE,-0.437327927483218,1.937625808275,0.00155825922155512,conus_mcw_lcw_library.csv v4_horizonfix_2026-09-16
507,fanleaf hawthorn,Crataegus,Rosaceae,H,genus_donor,500,4 donor,2 shrunk,43,1.27830629838767,0.703084260201097,12.7,47.498,22.86,19.2965184006894,FALSE,-0.437327927483218,1.937625808275,0.00155825922155512,conus_mcw_lcw_library.csv v4_horizonfix_2026-09-16
508,oneseed hawthorn,Crataegus,Rosaceae,H,genus_donor,500,4 donor,2 shrunk,43,1.27830629838767,0.703084260201097,12.7,47.498,22.86,19.2965184006894,FALSE,-0.437327927483218,1.937625808275,0.00155825922155512,conus_mcw_lcw_library.csv v4_horizonfix_2026-09-16
509,scarlet hawthorn,Crataegus,Rosaceae,H,genus_donor,500,4 donor,2 shrunk,43,1.27830629838767,0.703084260201097,12.7,47.498,22.86,19.2965184006894,FALSE,-0.437327927483218,1.937625808275,0.00155825922155512,conus_mcw_lcw_library.csv v4_horizonfix_2026-09-16
510,eucalyptus spp.,Eucalyptus,Betulaceae,H,spgrp_donor,372,4 donor,1 fitted,668,1.59609488606733,0.546263269029532,12.7,67.31,22.86,15.9100461460141,FALSE,0.00241922203697728,1.937625808275,0.00155825922155512,conus_mcw_lcw_library.csv v4_horizonfix_2026-09-16
511,Tasmanian bluegum,Eucalyptus,Ericaceae,H,spgrp_donor,711,4 donor,2 shrunk,548,1.67426194303798,0.513814901632918,12.7,53.848,22.86,12.9814777042514,FALSE,0.130640903007489,1.937625808275,0.00155825922155512,conus_mcw_lcw_library.csv v4_horizonfix_2026-09-16
512,river redgum,Eucalyptus,Ericaceae,H,spgrp_donor,711,4 donor,2 shrunk,548,1.67426194303798,0.513814901632918,12.7,53.848,22.86,12.9814777042514,FALSE,0.130640903007489,1.937625808275,0.00155825922155512,conus_mcw_lcw_library.csv v4_horizonfix_2026-09-16
513,grand eucalyptus,Eucalyptus,Ericaceae,H,spgrp_donor,711,4 donor,2 shrunk,548,1.67426194303798,0.513814901632918,12.7,53.848,22.86,12.9814777042514,FALSE,0.130640903007489,1.937625808275,0.00155825922155512,conus_mcw_lcw_library.csv v4_horizonfix_2026-09-16
514,swampmahogany,Eucalyptus,Ericaceae,H,spgrp_donor,711,4 donor,2 shrunk,548,1.67426194303798,0.513814901632918,12.7,53.848,22.86,12.9814777042514,FALSE,0.130640903007489,1.937625808275,0.00155825922155512,conus_mcw_lcw_library.csv v4_horizonfix_2026-09-16
520,persimmon spp.,Diospyros,Ebenaceae,H,genus_donor,521,4 donor,3 borrowed,117,1.01221808155298,0.667022047428301,12.7,39.37,22.86,11.729637535578,FALSE,0.123864008367745,1.937625808275,0.00155825922155512,conus_mcw_lcw_library.csv v4_horizonfix_2026-09-16
521,common persimmon,Diospyros,Ebenaceae,H,fitted,521,3 borrowed,3 borrowed,117,1.01221808155298,0.667022047428301,12.7,39.37,22.86,11.729637535578,FALSE,0.123864008367745,1.937625808275,0.00155825922155512,conus_mcw_lcw_library.csv v4_horizonfix_2026-09-16
522,Texas persimmon,Diospyros,Ebenaceae,H,genus_donor,521,4 donor,3 borrowed,117,1.01221808155298,0.667022047428301,12.7,39.37,22.86,11.729637535578,FALSE,0.123864008367745,1.937625808275,0.00155825922155512,conus_mcw_lcw_library.csv v4_horizonfix_2026-09-16
523,Anacua knockaway,Ehretia,,H,clade_population,,5 population,5 population,66723,1.29590667364286,0.592458600322,12.7,174.4,22.86,22.86,TRUE,-0.0510659711849785,1.937625808275,0.00155825922155512,conus_mcw_lcw_library.csv v4_horizonfix_2026-09-16
531,American beech,Fagus,Fagaceae,H,fitted,531,1 fitted,1 fitted,1649,2.31212614806216,0.481556268907,12.7,76.962,22.86,18.7223225956152,FALSE,-0.415177302708257,1.937625808275,0.00155825922155512,conus_mcw_lcw_library.csv v4_horizonfix_2026-09-16
540,ash spp.,Fraxinus,Oleaceae,H,fitted,540,2 shrunk,2 shrunk,40,0.901653679649262,0.710611008675274,12.7,47.498,22.86,14.012115290322,FALSE,0.259776451113421,1.937625808275,0.00155825922155512,conus_mcw_lcw_library.csv v4_horizonfix_2026-09-16
541,white ash,Fraxinus,Oleaceae,H,fitted,541,3 borrowed,3 borrowed,1287,1.10528218351277,0.642241606397986,12.7,118.618,22.86,22.86,TRUE,0.079521771162333,1.937625808275,0.00155825922155512,conus_mcw_lcw_library.csv v4_horizonfix_2026-09-16
542,Oregon ash,Fraxinus,Oleaceae,H,fitted,542,3 borrowed,3 borrowed,11,1.09144336841536,0.678631822367049,13.5,33.5000000000001,22.86,11.8289213184242,FALSE,-0.0556061410829385,1.937625808275,0.00155825922155512,conus_mcw_lcw_library.csv v4_horizonfix_2026-09-16
543,black ash,Fraxinus,Oleaceae,H,fitted,543,2 shrunk,2 shrunk,1079,1.03295746627242,0.598816857146714,12.7,50.8,22.86,10.8538142781955,FALSE,0.0792813445313167,1.937625808275,0.00155825922155512,conus_mcw_lcw_library.csv v4_horizonfix_2026-09-16
544,green ash,Fraxinus,Oleaceae,H,fitted,544,2 shrunk,2 shrunk,519,0.855215055744818,0.71620993111408,12.7,78.994,22.86,19.5501944598855,FALSE,0.0496833255967521,1.937625808275,0.00155825922155512,conus_mcw_lcw_library.csv v4_horizonfix_2026-09-16
545,pumpkin ash,Fraxinus,Oleaceae,H,genus_donor,541,4 donor,3 borrowed,1287,1.10528218351277,0.642241606397986,12.7,118.618,22.86,22.86,TRUE,0.079521771162333,1.937625808275,0.00155825922155512,conus_mcw_lcw_library.csv v4_horizonfix_2026-09-16
546,blue ash,Fraxinus,Oleaceae,H,fitted,546,3 borrowed,3 borrowed,10,0.886191993211613,0.675507132311544,12.7,40.894,22.86,10.869645279606,FALSE,0.192539691559797,1.937625808275,0.00155825922155512,conus_mcw_lcw_library.csv v4_horizonfix_2026-09-16
547,velvet ash,Fraxinus,Oleaceae,H,genus_donor,541,4 donor,3 borrowed,1287,1.10528218351277,0.642241606397986,12.7,118.618,22.86,22.86,TRUE,0.079521771162333,1.937625808275,0.00155825922155512,conus_mcw_lcw_library.csv v4_horizonfix_2026-09-16
548,Carolina ash,Fraxinus,Oleaceae,H,genus_donor,541,4 donor,3 borrowed,1287,1.10528218351277,0.642241606397986,12.7,118.618,22.86,22.86,TRUE,0.079521771162333,1.937625808275,0.00155825922155512,conus_mcw_lcw_library.csv v4_horizonfix_2026-09-16
549,Texas ash,Fraxinus,Oleaceae,H,genus_donor,541,4 donor,3 borrowed,1287,1.10528218351277,0.642241606397986,12.7,118.618,22.86,22.86,TRUE,0.079521771162333,1.937625808275,0.00155825922155512,conus_mcw_lcw_library.csv v4_horizonfix_2026-09-16
550,honeylocust spp.,Gleditsia,Fabaceae,H,genus_donor,552,4 donor,2 shrunk,36,1.70811677203596,0.545276656191185,13.208,50.8,22.86,14.5440452812174,FALSE,0.0286670544144663,1.937625808275,0.00155825922155512,conus_mcw_lcw_library.csv v4_horizonfix_2026-09-16
551,waterlocust,Gleditsia,Fabaceae,H,fitted,551,3 borrowed,3 borrowed,11,1.28084839950638,0.551982778787345,13.462,34.29,22.86,9.01329829498733,FALSE,0.0787533968651273,1.937625808275,0.00155825922155512,conus_mcw_lcw_library.csv v4_horizonfix_2026-09-16
552,honeylocust,Gleditsia,Fabaceae,H,fitted,552,2 shrunk,2 shrunk,36,1.70811677203596,0.545276656191185,13.208,50.8,22.86,14.5440452812174,FALSE,0.0286670544144663,1.937625808275,0.00155825922155512,conus_mcw_lcw_library.csv v4_horizonfix_2026-09-16
555,loblolly-bay,Gordonia,Gordonia,H,fitted,555,3 borrowed,3 borrowed,14,1.28441717916822,0.569925350275841,15.24,39.116,22.86,10.3807627674316,FALSE,-0.0215658754219911,1.937625808275,0.00155825922155512,conus_mcw_lcw_library.csv v4_horizonfix_2026-09-16
561,"ginkgo, maidenhair tree",Ginkgo,Ericaceae,H,spgrp_donor,711,4 donor,2 shrunk,548,1.67426194303798,0.513814901632918,12.7,53.848,22.86,12.9814777042514,FALSE,0.130640903007489,1.937625808275,0.00155825922155512,conus_mcw_lcw_library.csv v4_horizonfix_2026-09-16
571,Kentucky coffeetree,Gymnocladus,Fabaceae,H,fitted,571,3 borrowed,3 borrowed,1,1.42611443973241,0.542577613910734,24.638,24.638,22.86,8.1135019015177,FALSE,0.0400268602603138,1.937625808275,0.00155825922155512,conus_mcw_lcw_library.csv v4_horizonfix_2026-09-16
580,silverbell spp.,Halesia,Styracaceae,H,fitted,580,3 borrowed,3 borrowed,8,1.35170982435091,0.582821081760858,15.494,25.4,22.86,8.90533326440992,FALSE,0.03867409558261,1.937625808275,0.00155825922155512,conus_mcw_lcw_library.csv v4_horizonfix_2026-09-16
581,Carolina silverbell,Halesia,Styracaceae,H,genus_donor,580,4 donor,3 borrowed,8,1.35170982435091,0.582821081760858,15.494,25.4,22.86,8.90533326440992,FALSE,0.03867409558261,1.937625808275,0.00155825922155512,conus_mcw_lcw_library.csv v4_horizonfix_2026-09-16
582,two-wing silverbell,Halesia,Styracaceae,H,genus_donor,580,4 donor,3 borrowed,8,1.35170982435091,0.582821081760858,15.494,25.4,22.86,8.90533326440992,FALSE,0.03867409558261,1.937625808275,0.00155825922155512,conus_mcw_lcw_library.csv v4_horizonfix_2026-09-16
583,little silverbell,Halesia,Styracaceae,H,genus_donor,580,4 donor,3 borrowed,8,1.35170982435091,0.582821081760858,15.494,25.4,22.86,8.90533326440992,FALSE,0.03867409558261,1.937625808275,0.00155825922155512,conus_mcw_lcw_library.csv v4_horizonfix_2026-09-16
591,American holly,Ilex,Aquifoliaceae,H,fitted,591,3 borrowed,3 borrowed,289,1.21620598459413,0.597654065437378,12.7,49.022,22.86,12.4530635610239,FALSE,-0.323999718043732,1.937625808275,0.00155825922155512,conus_mcw_lcw_library.csv v4_horizonfix_2026-09-16
600,walnut spp.,Juglans,Juglandaceae,H,fitted,600,3 borrowed,3 borrowed,7,1.1689564171402,0.586332335517319,12.954,25.654,22.86,7.83486494583046,FALSE,-0.018830612762792,1.937625808275,0.00155825922155512,conus_mcw_lcw_library.csv v4_horizonfix_2026-09-16
601,butternut,Juglans,Juglandaceae,H,fitted,601,2 shrunk,2 shrunk,43,1.15325682571181,0.634441925420516,14.478,32.766,22.86,10.5529575344232,FALSE,0.151279581270501,1.937625808275,0.00155825922155512,conus_mcw_lcw_library.csv v4_horizonfix_2026-09-16
602,black walnut,Juglans,Juglandaceae,H,fitted,602,2 shrunk,2 shrunk,174,1.36062095981888,0.58938514169824,12.7,46.736,22.86,13.1161074570243,FALSE,0.06515753590217,1.937625808275,0.00155825922155512,conus_mcw_lcw_library.csv v4_horizonfix_2026-09-16
603,northern California black walnut,Juglans,Juglandaceae,H,genus_donor,602,4 donor,2 shrunk,174,1.36062095981888,0.58938514169824,12.7,46.736,22.86,13.1161074570243,FALSE,0.06515753590217,1.937625808275,0.00155825922155512,conus_mcw_lcw_library.csv v4_horizonfix_2026-09-16
604,southern California black walnut,Juglans,Juglandaceae,H,genus_donor,602,4 donor,2 shrunk,174,1.36062095981888,0.58938514169824,12.7,46.736,22.86,13.1161074570243,FALSE,0.06515753590217,1.937625808275,0.00155825922155512,conus_mcw_lcw_library.csv v4_horizonfix_2026-09-16
605,Texas walnut,Juglans,Juglandaceae,H,genus_donor,602,4 donor,2 shrunk,174,1.36062095981888,0.58938514169824,12.7,46.736,22.86,13.1161074570243,FALSE,0.06515753590217,1.937625808275,0.00155825922155512,conus_mcw_lcw_library.csv v4_horizonfix_2026-09-16
606,Arizona walnut,Juglans,Juglandaceae,H,genus_donor,602,4 donor,2 shrunk,174,1.36062095981888,0.58938514169824,12.7,46.736,22.86,13.1161074570243,FALSE,0.06515753590217,1.937625808275,0.00155825922155512,conus_mcw_lcw_library.csv v4_horizonfix_2026-09-16
611,sweetgum,Liquidambar,Altingiaceae,H,fitted,611,2 shrunk,2 shrunk,2471,1.05574299944346,0.615861533807536,12.7,72.644,22.86,14.7842583445302,FALSE,0.0143053304020514,1.937625808275,0.00155825922155512,conus_mcw_lcw_library.csv v4_horizonfix_2026-09-16
621,yellow-poplar,Liriodendron,Magnoliaceae,H,fitted,621,2 shrunk,2 shrunk,2527,1.31206445176767,0.576285262037579,12.7,117.602,22.86,20.4693782569992,FALSE,0.0745948806709003,1.937625808275,0.00155825922155512,conus_mcw_lcw_library.csv v4_horizonfix_2026-09-16
631,tanoak,Lithocarpus,Fagaceae,H,fitted,631,1 fitted,1 fitted,1060,1.71942596835307,0.450067607779,12.7,78.6999999999999,22.86,12.2659246865834,FALSE,-0.305202473995757,1.937625808275,0.00155825922155512,conus_mcw_lcw_library.csv v4_horizonfix_2026-09-16
641,Osage-orange,Maclura,Moraceae,H,fitted,641,3 borrowed,3 borrowed,20,1.80761265249001,0.480417669400059,15.748,50.8,22.86,11.9297801839291,FALSE,-0.0521148512308973,1.937625808275,0.00155825922155512,conus_mcw_lcw_library.csv v4_horizonfix_2026-09-16
650,magnolia spp.,Magnolia,Magnoliaceae,H,fitted,650,3 borrowed,3 borrowed,17,1.23542450863998,0.605160440248679,20.574,34.036,22.86,10.4444313309942,FALSE,0.16967574080484,1.937625808275,0.00155825922155512,conus_mcw_lcw_library.csv v4_horizonfix_2026-09-16
651,cucumbertree,Magnolia,Magnoliaceae,H,fitted,651,2 shrunk,2 shrunk,74,1.33802212681987,0.569409773005613,12.7,46.99,22.86,11.981730206311,FALSE,0.096849006527782,1.937625808275,0.00155825922155512,conus_mcw_lcw_library.csv v4_horizonfix_2026-09-16
652,southern magnolia,Magnolia,Magnoliaceae,H,fitted,652,2 shrunk,2 shrunk,77,1.37380307435482,0.544184061302595,12.7,65.278,22.86,13.350319925462,FALSE,0.241833680517995,1.937625808275,0.00155825922155512,conus_mcw_lcw_library.csv v4_horizonfix_2026-09-16
653,sweetbay,Magnolia,Magnoliaceae,H,fitted,653,1 fitted,1 fitted,298,1.25195857187413,0.582215861956074,12.7,66.294,22.86,14.3906742775539,FALSE,0.165039031620334,1.937625808275,0.00155825922155512,conus_mcw_lcw_library.csv v4_horizonfix_2026-09-16
654,bigleaf magnolia,Magnolia,Magnoliaceae,H,fitted,654,3 borrowed,3 borrowed,16,1.46459719126667,0.584242780205515,12.954,25.908,22.86,9.80633536497913,FALSE,0.250719655154299,1.937625808275,0.00155825922155512,conus_mcw_lcw_library.csv v4_horizonfix_2026-09-16
655,mountain or Fraser magnolia,Magnolia,Magnoliaceae,H,fitted,655,2 shrunk,2 shrunk,22,1.396628290191,0.604490992840369,12.954,33.528,22.86,11.6728261777595,FALSE,0.15012936377789,1.937625808275,0.00155825922155512,conus_mcw_lcw_library.csv v4_horizonfix_2026-09-16
657,pyramid magnolia,Magnolia,Magnoliaceae,H,genus_donor,653,4 donor,1 fitted,298,1.25195857187413,0.582215861956074,12.7,66.294,22.86,14.3906742775539,FALSE,0.165039031620334,1.937625808275,0.00155825922155512,conus_mcw_lcw_library.csv v4_horizonfix_2026-09-16
658,umbrella magnolia,Magnolia,Magnoliaceae,H,genus_donor,653,4 donor,1 fitted,298,1.25195857187413,0.582215861956074,12.7,66.294,22.86,14.3906742775539,FALSE,0.165039031620334,1.937625808275,0.00155825922155512,conus_mcw_lcw_library.csv v4_horizonfix_2026-09-16
660,apple spp.,Malus,Rosaceae,H,fitted,660,2 shrunk,2 shrunk,75,1.15900663061379,0.626434889795142,12.7,26.67,22.86,9.06559871381774,FALSE,-0.282469034952823,1.937625808275,0.00155825922155512,conus_mcw_lcw_library.csv v4_horizonfix_2026-09-16
661,Oregon crab apple,Malus,Rosaceae,H,genus_donor,660,4 donor,2 shrunk,75,1.15900663061379,0.626434889795142,12.7,26.67,22.86,9.06559871381774,FALSE,-0.282469034952823,1.937625808275,0.00155825922155512,conus_mcw_lcw_library.csv v4_horizonfix_2026-09-16
662,southern crab apple,Malus,Rosaceae,H,genus_donor,660,4 donor,2 shrunk,75,1.15900663061379,0.626434889795142,12.7,26.67,22.86,9.06559871381774,FALSE,-0.282469034952823,1.937625808275,0.00155825922155512,conus_mcw_lcw_library.csv v4_horizonfix_2026-09-16
663,sweet crab apple,Malus,Rosaceae,H,genus_donor,660,4 donor,2 shrunk,75,1.15900663061379,0.626434889795142,12.7,26.67,22.86,9.06559871381774,FALSE,-0.282469034952823,1.937625808275,0.00155825922155512,conus_mcw_lcw_library.csv v4_horizonfix_2026-09-16
664,prairie crab apple,Malus,Rosaceae,H,genus_donor,660,4 donor,2 shrunk,75,1.15900663061379,0.626434889795142,12.7,26.67,22.86,9.06559871381774,FALSE,-0.282469034952823,1.937625808275,0.00155825922155512,conus_mcw_lcw_library.csv v4_horizonfix_2026-09-16
680,mulberry spp.,Morus,Moraceae,H,fitted,680,3 borrowed,3 borrowed,10,1.79367194123888,0.591149652623142,12.7,20.574,22.86,10.7179303065581,FALSE,-0.0265941350685801,1.937625808275,0.00155825922155512,conus_mcw_lcw_library.csv v4_horizonfix_2026-09-16
681,white mulberry,Morus,Moraceae,H,fitted,681,3 borrowed,3 borrowed,9,1.93198825240265,0.562449259020874,14.224,33.274,22.86,13.8711132536156,FALSE,0.106616263033799,1.937625808275,0.00155825922155512,conus_mcw_lcw_library.csv v4_horizonfix_2026-09-16
682,red mulberry,Morus,Moraceae,H,fitted,682,2 shrunk,2 shrunk,54,1.66529701647776,0.604993742419993,12.7,55.372,22.86,18.8873649654172,FALSE,-0.0251803791062373,1.937625808275,0.00155825922155512,conus_mcw_lcw_library.csv v4_horizonfix_2026-09-16
683,Texas mulberry,Morus,Moraceae,H,genus_donor,682,4 donor,2 shrunk,54,1.66529701647776,0.604993742419993,12.7,55.372,22.86,18.8873649654172,FALSE,-0.0251803791062373,1.937625808275,0.00155825922155512,conus_mcw_lcw_library.csv v4_horizonfix_2026-09-16
684,black mulberry,Morus,Moraceae,H,genus_donor,682,4 donor,2 shrunk,54,1.66529701647776,0.604993742419993,12.7,55.372,22.86,18.8873649654172,FALSE,-0.0251803791062373,1.937625808275,0.00155825922155512,conus_mcw_lcw_library.csv v4_horizonfix_2026-09-16
690,tupelo spp.,Nyssa,Nyssaceae,H,genus_donor,693,4 donor,2 shrunk,1057,2.02839017921617,0.456100420800592,12.7,68.072,22.86,13.904942848781,FALSE,-0.0847154748983492,1.937625808275,0.00155825922155512,conus_mcw_lcw_library.csv v4_horizonfix_2026-09-16
691,water tupelo,Nyssa,Nyssaceae,H,fitted,691,2 shrunk,2 shrunk,153,1.24719990720852,0.567085774227731,12.7,46.99,22.86,11.0689537336642,FALSE,0.146919581821037,1.937625808275,0.00155825922155512,conus_mcw_lcw_library.csv v4_horizonfix_2026-09-16
692,Ogeechee tupelo,Nyssa,Nyssaceae,H,genus_donor,693,4 donor,2 shrunk,1057,2.02839017921617,0.456100420800592,12.7,68.072,22.86,13.904942848781,FALSE,-0.0847154748983492,1.937625808275,0.00155825922155512,conus_mcw_lcw_library.csv v4_horizonfix_2026-09-16
693,blackgum,Nyssa,Nyssaceae,H,fitted,693,2 shrunk,2 shrunk,1057,2.02839017921617,0.456100420800592,12.7,68.072,22.86,13.904942848781,FALSE,-0.0847154748983492,1.937625808275,0.00155825922155512,conus_mcw_lcw_library.csv v4_horizonfix_2026-09-16
694,swamp tupelo,Nyssa,Nyssaceae,H,fitted,694,2 shrunk,2 shrunk,517,1.30915928203444,0.55717207908946,12.7,83.82,22.86,15.4393176258973,FALSE,0.0471374687176363,1.937625808275,0.00155825922155512,conus_mcw_lcw_library.csv v4_horizonfix_2026-09-16
701,eastern hophornbeam,Ostrya,Betulaceae,H,fitted,701,2 shrunk,2 shrunk,259,2.23612664437663,0.461896004067816,12.7,57.15,22.86,14.4895592246276,FALSE,-0.249428734155795,1.937625808275,0.00155825922155512,conus_mcw_lcw_library.csv v4_horizonfix_2026-09-16
711,sourwood,Oxydendrum,Ericaceae,H,fitted,711,2 shrunk,2 shrunk,548,1.67426194303798,0.513814901632918,12.7,53.848,22.86,12.9814777042514,FALSE,0.130640903007489,1.937625808275,0.00155825922155512,conus_mcw_lcw_library.csv v4_horizonfix_2026-09-16
712,"paulownia, empress-tree",Paulownia,Paulowniaceae,H,fitted,712,3 borrowed,3 borrowed,9,1.21156238863136,0.619238028926783,13.208,26.67,22.86,9.25536316057987,FALSE,0.015093421384115,1.937625808275,0.00155825922155512,conus_mcw_lcw_library.csv v4_horizonfix_2026-09-16
720,bay spp.,Persea,Lauraceae,H,genus_donor,721,4 donor,2 shrunk,31,1.68682534233815,0.489283017980854,13.208,30.48,22.86,8.97787256861395,FALSE,-0.182303103686337,1.937625808275,0.00155825922155512,conus_mcw_lcw_library.csv v4_horizonfix_2026-09-16
721,redbay,Persea,Lauraceae,H,fitted,721,2 shrunk,2 shrunk,31,1.68682534233815,0.489283017980854,13.208,30.48,22.86,8.97787256861395,FALSE,-0.182303103686337,1.937625808275,0.00155825922155512,conus_mcw_lcw_library.csv v4_horizonfix_2026-09-16
722,"water-elm, planertree",Planera,Ericaceae,H,spgrp_donor,711,4 donor,2 shrunk,548,1.67426194303798,0.513814901632918,12.7,53.848,22.86,12.9814777042514,FALSE,0.130640903007489,1.937625808275,0.00155825922155512,conus_mcw_lcw_library.csv v4_horizonfix_2026-09-16
729,sycamore spp.,Platanus,Platanaceae,H,genus_donor,731,4 donor,2 shrunk,146,1.16950490115136,0.672280901953335,13.97,80.01,22.86,22.2561271013635,FALSE,-0.128052513266118,1.937625808275,0.00155825922155512,conus_mcw_lcw_library.csv v4_horizonfix_2026-09-16
730,California sycamore,Platanus,Platanaceae,H,genus_donor,731,4 donor,2 shrunk,146,1.16950490115136,0.672280901953335,13.97,80.01,22.86,22.2561271013635,FALSE,-0.128052513266118,1.937625808275,0.00155825922155512,conus_mcw_lcw_library.csv v4_horizonfix_2026-09-16
731,American sycamore,Platanus,Platanaceae,H,fitted,731,2 shrunk,2 shrunk,146,1.16950490115136,0.672280901953335,13.97,80.01,22.86,22.2561271013635,FALSE,-0.128052513266118,1.937625808275,0.00155825922155512,conus_mcw_lcw_library.csv v4_horizonfix_2026-09-16
732,Arizona sycamore,Platanus,Platanaceae,H,genus_donor,731,4 donor,2 shrunk,146,1.16950490115136,0.672280901953335,13.97,80.01,22.86,22.2561271013635,FALSE,-0.128052513266118,1.937625808275,0.00155825922155512,conus_mcw_lcw_library.csv v4_horizonfix_2026-09-16
740,cottonwood and poplar spp.,Populus,Salicaceae,H,fitted,740,2 shrunk,2 shrunk,45,0.917643319052124,0.725204418701003,12.7,59.8999999999999,22.86,17.8513757953791,FALSE,-0.0560017233806447,1.937625808275,0.00155825922155512,conus_mcw_lcw_library.csv v4_horizonfix_2026-09-16
741,balsam poplar,Populus,Salicaceae,H,fitted,741,1 fitted,1 fitted,389,0.962301278053426,0.599633614307116,12.7,58.928,22.86,11.0880573349016,FALSE,0.0872593459596351,1.937625808275,0.00155825922155512,conus_mcw_lcw_library.csv v4_horizonfix_2026-09-16
742,eastern cottonwood,Populus,Salicaceae,H,fitted,742,3 borrowed,3 borrowed,56,0.699673565372482,0.758469939963127,13.208,147.066,22.86,22.86,TRUE,-0.0768733077100427,1.937625808275,0.00155825922155512,conus_mcw_lcw_library.csv v4_horizonfix_2026-09-16
743,bigtooth aspen,Populus,Salicaceae,H,fitted,743,3 borrowed,3 borrowed,739,0.658797734340085,0.733809507198193,12.7,139.7,22.86,22.86,TRUE,0.28281299815888,1.937625808275,0.00155825922155512,conus_mcw_lcw_library.csv v4_horizonfix_2026-09-16
744,swamp cottonwood,Populus,Salicaceae,H,genus_donor,746,4 donor,1 fitted,6179,0.615543713416179,0.750487942012967,12.7,61.468,22.86,13.5399939151525,FALSE,0.25278331091363,1.937625808275,0.00155825922155512,conus_mcw_lcw_library.csv v4_horizonfix_2026-09-16
745,plains cottonwood,Populus,Salicaceae,H,genus_donor,746,4 donor,1 fitted,6179,0.615543713416179,0.750487942012967,12.7,61.468,22.86,13.5399939151525,FALSE,0.25278331091363,1.937625808275,0.00155825922155512,conus_mcw_lcw_library.csv v4_horizonfix_2026-09-16
746,quaking aspen,Populus,Salicaceae,H,fitted,746,1 fitted,1 fitted,6179,0.615543713416179,0.750487942012967,12.7,61.468,22.86,13.5399939151525,FALSE,0.25278331091363,1.937625808275,0.00155825922155512,conus_mcw_lcw_library.csv v4_horizonfix_2026-09-16
747,black cottonwood,Populus,Salicaceae,H,fitted,747,3 borrowed,3 borrowed,37,0.845591729752372,0.622771660994818,22.6,67.5,22.86,11.6519678003377,FALSE,0.113317072388892,1.937625808275,0.00155825922155512,conus_mcw_lcw_library.csv v4_horizonfix_2026-09-16
748,Fremont cottonwood,Populus,Salicaceae,H,genus_donor,746,4 donor,1 fitted,6179,0.615543713416179,0.750487942012967,12.7,61.468,22.86,13.5399939151525,FALSE,0.25278331091363,1.937625808275,0.00155825922155512,conus_mcw_lcw_library.csv v4_horizonfix_2026-09-16
749,narrowleaf cottonwood,Populus,Salicaceae,H,fitted,749,2 shrunk,2 shrunk,92,0.938722029188501,0.657227303123396,12.7,42.164,22.86,10.9772392468428,FALSE,-0.212019338201045,1.937625808275,0.00155825922155512,conus_mcw_lcw_library.csv v4_horizonfix_2026-09-16
752,silver poplar,Populus,Salicaceae,H,genus_donor,746,4 donor,1 fitted,6179,0.615543713416179,0.750487942012967,12.7,61.468,22.86,13.5399939151525,FALSE,0.25278331091363,1.937625808275,0.00155825922155512,conus_mcw_lcw_library.csv v4_horizonfix_2026-09-16
753,Lombardy poplar,Populus,Salicaceae,H,genus_donor,746,4 donor,1 fitted,6179,0.615543713416179,0.750487942012967,12.7,61.468,22.86,13.5399939151525,FALSE,0.25278331091363,1.937625808275,0.00155825922155512,conus_mcw_lcw_library.csv v4_horizonfix_2026-09-16
755,mesquite spp.,Prosopis,,H,clade_population,,5 population,5 population,66723,1.29590667364286,0.592458600322,12.7,174.4,22.86,22.86,TRUE,-0.0510659711849785,1.937625808275,0.00155825922155512,conus_mcw_lcw_library.csv v4_horizonfix_2026-09-16
756,honey mesquite,Prosopis,,H,clade_population,,5 population,5 population,66723,1.29590667364286,0.592458600322,12.7,174.4,22.86,22.86,TRUE,-0.0510659711849785,1.937625808275,0.00155825922155512,conus_mcw_lcw_library.csv v4_horizonfix_2026-09-16
757,velvet mesquite,Prosopis,,H,clade_population,,5 population,5 population,66723,1.29590667364286,0.592458600322,12.7,174.4,22.86,22.86,TRUE,-0.0510659711849785,1.937625808275,0.00155825922155512,conus_mcw_lcw_library.csv v4_horizonfix_2026-09-16
758,screwbean mesquite,Prosopis,,H,clade_population,,5 population,5 population,66723,1.29590667364286,0.592458600322,12.7,174.4,22.86,22.86,TRUE,-0.0510659711849785,1.937625808275,0.00155825922155512,conus_mcw_lcw_library.csv v4_horizonfix_2026-09-16
760,cherry and plum spp.,Prunus,Rosaceae,H,fitted,760,3 borrowed,3 borrowed,3,1.33031020773561,0.549541141526235,19.304,21.4,22.86,7.16258893106931,FALSE,-0.135476546943998,1.937625808275,0.00155825922155512,conus_mcw_lcw_library.csv v4_horizonfix_2026-09-16
761,pin cherry,Prunus,Rosaceae,H,fitted,761,2 shrunk,2 shrunk,40,1.40470511257493,0.562403478741294,12.7,32.512,22.86,9.95322432446241,FALSE,-0.0606643562244453,1.937625808275,0.00155825922155512,conus_mcw_lcw_library.csv v4_horizonfix_2026-09-16
762,black cherry,Prunus,Rosaceae,H,fitted,762,2 shrunk,2 shrunk,1313,1.55921661097014,0.52307465575932,12.7,80.264,22.86,15.4565660575954,FALSE,0.0599286106532392,1.937625808275,0.00155825922155512,conus_mcw_lcw_library.csv v4_horizonfix_2026-09-16
763,chokecherry,Prunus,Rosaceae,H,fitted,763,3 borrowed,3 borrowed,10,1.39006875634714,0.567300703051387,12.954,30.988,22.86,9.7497039798194,FALSE,-0.0287989292350628,1.937625808275,0.00155825922155512,conus_mcw_lcw_library.csv v4_horizonfix_2026-09-16
764,peach,Prunus,Ericaceae,H,spgrp_donor,711,4 donor,2 shrunk,548,1.67426194303798,0.513814901632918,12.7,53.848,22.86,12.9814777042514,FALSE,0.130640903007489,1.937625808275,0.00155825922155512,conus_mcw_lcw_library.csv v4_horizonfix_2026-09-16
765,Canada plum,Prunus,Ericaceae,H,spgrp_donor,711,4 donor,2 shrunk,548,1.67426194303798,0.513814901632918,12.7,53.848,22.86,12.9814777042514,FALSE,0.130640903007489,1.937625808275,0.00155825922155512,conus_mcw_lcw_library.csv v4_horizonfix_2026-09-16
766,American plum,Prunus,Ericaceae,H,spgrp_donor,711,4 donor,2 shrunk,548,1.67426194303798,0.513814901632918,12.7,53.848,22.86,12.9814777042514,FALSE,0.130640903007489,1.937625808275,0.00155825922155512,conus_mcw_lcw_library.csv v4_horizonfix_2026-09-16
768,bitter cherry,Prunus,Rosaceae,H,fitted,768,3 borrowed,3 borrowed,21,1.38063959269291,0.571115641713523,13.6,29.2,22.86,9.48382193206278,FALSE,-0.0954120340233608,1.937625808275,0.00155825922155512,conus_mcw_lcw_library.csv v4_horizonfix_2026-09-16
769,Allegheny plum,Prunus,Ericaceae,H,spgrp_donor,711,4 donor,2 shrunk,548,1.67426194303798,0.513814901632918,12.7,53.848,22.86,12.9814777042514,FALSE,0.130640903007489,1.937625808275,0.00155825922155512,conus_mcw_lcw_library.csv v4_horizonfix_2026-09-16
770,Chickasaw plum,Prunus,Ericaceae,H,spgrp_donor,711,4 donor,2 shrunk,548,1.67426194303798,0.513814901632918,12.7,53.848,22.86,12.9814777042514,FALSE,0.130640903007489,1.937625808275,0.00155825922155512,conus_mcw_lcw_library.csv v4_horizonfix_2026-09-16
771,"sweet cherry, domesticated",Prunus,Ericaceae,H,spgrp_donor,711,4 donor,2 shrunk,548,1.67426194303798,0.513814901632918,12.7,53.848,22.86,12.9814777042514,FALSE,0.130640903007489,1.937625808275,0.00155825922155512,conus_mcw_lcw_library.csv v4_horizonfix_2026-09-16
772,"sour cherry, domesticated",Prunus,Ericaceae,H,spgrp_donor,711,4 donor,2 shrunk,548,1.67426194303798,0.513814901632918,12.7,53.848,22.86,12.9814777042514,FALSE,0.130640903007489,1.937625808275,0.00155825922155512,conus_mcw_lcw_library.csv v4_horizonfix_2026-09-16
773,"European plum, domesticated",Prunus,Ericaceae,H,spgrp_donor,711,4 donor,2 shrunk,548,1.67426194303798,0.513814901632918,12.7,53.848,22.86,12.9814777042514,FALSE,0.130640903007489,1.937625808275,0.00155825922155512,conus_mcw_lcw_library.csv v4_horizonfix_2026-09-16
774,"Mahaleb cherry, domesticated",Prunus,Ericaceae,H,spgrp_donor,711,4 donor,2 shrunk,548,1.67426194303798,0.513814901632918,12.7,53.848,22.86,12.9814777042514,FALSE,0.130640903007489,1.937625808275,0.00155825922155512,conus_mcw_lcw_library.csv v4_horizonfix_2026-09-16
800,oak spp,Quercus,Fagaceae,H,fitted,800,3 borrowed,3 borrowed,1,0.96970997076638,0.647289440112812,23.114,23.114,22.86,7.40395578887145,FALSE,-0.106800778432394,1.937625808275,0.00155825922155512,conus_mcw_lcw_library.csv v4_horizonfix_2026-09-16
801,California live oak,Quercus,Fagaceae,H,fitted,801,3 borrowed,3 borrowed,124,0.585544897387483,0.830714232535,12.7,103,22.86,22.86,TRUE,-0.273440203512644,1.937625808275,0.00155825922155512,conus_mcw_lcw_library.csv v4_horizonfix_2026-09-16
802,white oak,Quercus,Fagaceae,H,fitted,802,2 shrunk,2 shrunk,2931,0.945706094260607,0.697026114195576,12.7,90.678,22.86,21.8869957407327,FALSE,0.014350638977796,1.937625808275,0.00155825922155512,conus_mcw_lcw_library.csv v4_horizonfix_2026-09-16
803,Arizona white oak,Quercus,Fagaceae,H,genus_donor,802,4 donor,2 shrunk,2931,0.945706094260607,0.697026114195576,12.7,90.678,22.86,21.8869957407327,FALSE,0.014350638977796,1.937625808275,0.00155825922155512,conus_mcw_lcw_library.csv v4_horizonfix_2026-09-16
804,swamp white oak,Quercus,Fagaceae,H,fitted,804,2 shrunk,2 shrunk,25,1.05847321475048,0.622371711968081,13.462,49.022,22.86,11.9324996128629,FALSE,0.0267889114988585,1.937625808275,0.00155825922155512,conus_mcw_lcw_library.csv v4_horizonfix_2026-09-16
805,canyon live oak,Quercus,Fagaceae,H,fitted,805,3 borrowed,3 borrowed,906,0.853482954661162,0.681684071272494,12.7,147,22.86,22.86,TRUE,-0.374811313443257,1.937625808275,0.00155825922155512,conus_mcw_lcw_library.csv v4_horizonfix_2026-09-16
806,scarlet oak,Quercus,Fagaceae,H,fitted,806,2 shrunk,2 shrunk,754,0.621862495754772,0.8282804786572,12.7,68.326,22.86,20.5705608575223,FALSE,0.0563693871830235,1.937625808275,0.00155825922155512,conus_mcw_lcw_library.csv v4_horizonfix_2026-09-16
807,blue oak,Quercus,Fagaceae,H,fitted,807,2 shrunk,2 shrunk,330,0.652651661200419,0.7859936241338,12.7,73.1,22.86,19.0418272983817,FALSE,-0.361662874044007,1.937625808275,0.00155825922155512,conus_mcw_lcw_library.csv v4_horizonfix_2026-09-16
808,Durand oak,Quercus,Fagaceae,H,fitted,808,3 borrowed,3 borrowed,2,0.946788484174899,0.631533557331855,21.59,22.098,22.86,6.68739505812677,FALSE,-0.138166408765099,1.937625808275,0.00155825922155512,conus_mcw_lcw_library.csv v4_horizonfix_2026-09-16
809,northern pin oak,Quercus,Fagaceae,H,fitted,809,1 fitted,1 fitted,114,1.13142932345392,0.631441505785375,13.208,56.896,22.86,14.5163985639596,FALSE,-0.0861105006096731,1.937625808275,0.00155825922155512,conus_mcw_lcw_library.csv v4_horizonfix_2026-09-16
810,Emory oak,Quercus,Fagaceae,H,genus_donor,802,4 donor,2 shrunk,2931,0.945706094260607,0.697026114195576,12.7,90.678,22.86,21.8869957407327,FALSE,0.014350638977796,1.937625808275,0.00155825922155512,conus_mcw_lcw_library.csv v4_horizonfix_2026-09-16
811,Engelmann oak,Quercus,Fagaceae,H,spgrp_donor,805,4 donor,3 borrowed,906,0.853482954661162,0.681684071272494,12.7,147,22.86,22.86,TRUE,-0.374811313443257,1.937625808275,0.00155825922155512,conus_mcw_lcw_library.csv v4_horizonfix_2026-09-16
812,southern red oak,Quercus,Fagaceae,H,fitted,812,3 borrowed,3 borrowed,600,0.732218149662098,0.7777459848636,12.7,89.154,22.86,22.86,TRUE,0.0930475467320185,1.937625808275,0.00155825922155512,conus_mcw_lcw_library.csv v4_horizonfix_2026-09-16
813,cherrybark oak,Quercus,Fagaceae,H,fitted,813,2 shrunk,2 shrunk,45,1.04724584318152,0.628664878351604,13.716,55.626,22.86,13.0991622298633,FALSE,0.199486223711486,1.937625808275,0.00155825922155512,conus_mcw_lcw_library.csv v4_horizonfix_2026-09-16
814,Gambel oak,Quercus,Fagaceae,H,genus_donor,802,4 donor,2 shrunk,2931,0.945706094260607,0.697026114195576,12.7,90.678,22.86,21.8869957407327,FALSE,0.014350638977796,1.937625808275,0.00155825922155512,conus_mcw_lcw_library.csv v4_horizonfix_2026-09-16
815,Oregon white oak,Quercus,Fagaceae,H,fitted,815,2 shrunk,2 shrunk,254,0.976880864083782,0.640996300656202,12.7,56.8000000000001,22.86,13.0128491598942,FALSE,-0.0368295368180968,1.937625808275,0.00155825922155512,conus_mcw_lcw_library.csv v4_horizonfix_2026-09-16
816,scrub oak,Quercus,Fagaceae,H,fitted,816,3 borrowed,3 borrowed,5,0.912112846017034,0.611065559334931,17.272,22.606,22.86,6.13151858832744,FALSE,-0.0893597578887573,1.937625808275,0.00155825922155512,conus_mcw_lcw_library.csv v4_horizonfix_2026-09-16
817,shingle oak,Quercus,Fagaceae,H,fitted,817,2 shrunk,2 shrunk,36,0.793226906716291,0.766435754878978,12.7,64.77,22.86,19.3954186133355,FALSE,-0.224142750173384,1.937625808275,0.00155825922155512,conus_mcw_lcw_library.csv v4_horizonfix_2026-09-16
818,California black oak,Quercus,Fagaceae,H,fitted,818,3 borrowed,3 borrowed,492,0.84914561771992,0.711023219739489,12.7,107.3912,22.86,22.86,TRUE,-0.175262704018998,1.937625808275,0.00155825922155512,conus_mcw_lcw_library.csv v4_horizonfix_2026-09-16
819,turkey oak,Quercus,Fagaceae,H,fitted,819,2 shrunk,2 shrunk,27,0.793221632424487,0.744912662074699,12.954,34.29,22.86,11.0397756475957,FALSE,0.0188191096529443,1.937625808275,0.00155825922155512,conus_mcw_lcw_library.csv v4_horizonfix_2026-09-16
820,laurel oak,Quercus,Fagaceae,H,fitted,820,2 shrunk,2 shrunk,150,0.887531043621691,0.742765785405454,12.7,53.34,22.86,17.0207792402875,FALSE,-0.0652988380846938,1.937625808275,0.00155825922155512,conus_mcw_lcw_library.csv v4_horizonfix_2026-09-16
821,California white oak,Quercus,Fagaceae,H,fitted,821,2 shrunk,2 shrunk,54,0.900763735522346,0.700274923881994,12.8,54.1,22.86,14.7341632090781,FALSE,0.152162775962126,1.937625808275,0.00155825922155512,conus_mcw_lcw_library.csv v4_horizonfix_2026-09-16
822,overcup oak,Quercus,Fagaceae,H,fitted,822,3 borrowed,3 borrowed,26,1.1411660300289,0.607700478360493,12.7,78.486,22.86,16.1739076532418,FALSE,-0.100786567262851,1.937625808275,0.00155825922155512,conus_mcw_lcw_library.csv v4_horizonfix_2026-09-16
823,bur oak,Quercus,Fagaceae,H,fitted,823,2 shrunk,2 shrunk,662,0.580060294793447,0.8224243783418,12.7,82.296,22.86,21.8135976158458,FALSE,-0.195947342990034,1.937625808275,0.00155825922155512,conus_mcw_lcw_library.csv v4_horizonfix_2026-09-16
824,blackjack oak,Quercus,Fagaceae,H,fitted,824,1 fitted,1 fitted,118,0.915476152641823,0.676392429009537,12.7,51.054,22.86,13.0901747253271,FALSE,0.0346784783834053,1.937625808275,0.00155825922155512,conus_mcw_lcw_library.csv v4_horizonfix_2026-09-16
825,swamp chestnut oak,Quercus,Fagaceae,H,fitted,825,2 shrunk,2 shrunk,21,1.05917252838739,0.681566814552488,14.478,56.642,22.86,16.590053449153,FALSE,-0.0413055612615983,1.937625808275,0.00155825922155512,conus_mcw_lcw_library.csv v4_horizonfix_2026-09-16
826,chinkapin oak,Quercus,Fagaceae,H,fitted,826,1 fitted,1 fitted,104,0.923697429984578,0.710060401632166,12.7,44.704,22.86,13.7206710341548,FALSE,0.00646697305796475,1.937625808275,0.00155825922155512,conus_mcw_lcw_library.csv v4_horizonfix_2026-09-16
827,water oak,Quercus,Fagaceae,H,fitted,827,2 shrunk,2 shrunk,957,1.25374990634353,0.649917300797151,12.7,81.534,22.86,21.8989370036038,FALSE,-0.0964737443336187,1.937625808275,0.00155825922155512,conus_mcw_lcw_library.csv v4_horizonfix_2026-09-16
828,Texas red oak,Quercus,Fagaceae,H,fitted,828,3 borrowed,3 borrowed,2,0.938431135027833,0.68279962343657,23.622,24.892,22.86,8.42619506484407,FALSE,-0.0840416532206045,1.937625808275,0.00155825922155512,conus_mcw_lcw_library.csv v4_horizonfix_2026-09-16
829,Mexican blue oak,Quercus,Fagaceae,H,genus_donor,802,4 donor,2 shrunk,2931,0.945706094260607,0.697026114195576,12.7,90.678,22.86,21.8869957407327,FALSE,0.014350638977796,1.937625808275,0.00155825922155512,conus_mcw_lcw_library.csv v4_horizonfix_2026-09-16
830,pin oak,Quercus,Fagaceae,H,fitted,830,2 shrunk,2 shrunk,43,0.95170476063216,0.69405599521394,12.7,74.676,22.86,18.99305288744,FALSE,-0.0266624220177688,1.937625808275,0.00155825922155512,conus_mcw_lcw_library.csv v4_horizonfix_2026-09-16
831,willow oak,Quercus,Fagaceae,H,fitted,831,2 shrunk,2 shrunk,206,1.03177357684037,0.66794358295992,12.7,104.648,22.86,22.86,TRUE,-0.120638288678356,1.937625808275,0.00155825922155512,conus_mcw_lcw_library.csv v4_horizonfix_2026-09-16
832,chestnut oak,Quercus,Fagaceae,H,fitted,832,2 shrunk,2 shrunk,2208,1.04865079532398,0.65517186403489,12.7,83.312,22.86,19.0118528017225,FALSE,0.0531224724281435,1.937625808275,0.00155825922155512,conus_mcw_lcw_library.csv v4_horizonfix_2026-09-16
833,northern red oak,Quercus,Fagaceae,H,fitted,833,3 borrowed,3 borrowed,2592,1.11997628120057,0.640942361074044,12.7,121.92,22.86,22.86,TRUE,0.0167190390759585,1.937625808275,0.00155825922155512,conus_mcw_lcw_library.csv v4_horizonfix_2026-09-16
834,Shumard oak,Quercus,Fagaceae,H,fitted,834,3 borrowed,3 borrowed,15,1.08673744512545,0.683650504195484,13.462,44.958,22.86,14.6577381417599,FALSE,0.104269447767383,1.937625808275,0.00155825922155512,conus_mcw_lcw_library.csv v4_horizonfix_2026-09-16
835,post oak,Quercus,Fagaceae,H,fitted,835,1 fitted,1 fitted,488,0.883235486913129,0.707060450129659,12.7,62.484,22.86,16.4359050160448,FALSE,0.0856513230958435,1.937625808275,0.00155825922155512,conus_mcw_lcw_library.csv v4_horizonfix_2026-09-16
836,Delta post oak,Quercus,Fagaceae,H,spgrp_donor,832,4 donor,2 shrunk,2208,1.04865079532398,0.65517186403489,12.7,83.312,22.86,19.0118528017225,FALSE,0.0531224724281435,1.937625808275,0.00155825922155512,conus_mcw_lcw_library.csv v4_horizonfix_2026-09-16
837,black oak,Quercus,Fagaceae,H,fitted,837,2 shrunk,2 shrunk,1335,1.12644230087674,0.62931098685051,12.7,81.026,22.86,17.8989376620685,FALSE,0.040774521336701,1.937625808275,0.00155825922155512,conus_mcw_lcw_library.csv v4_horizonfix_2026-09-16
838,live oak,Quercus,Fagaceae,H,fitted,838,3 borrowed,3 borrowed,77,0.748432812001371,0.788184969897072,12.7,83.566,22.86,22.86,TRUE,-0.151097955704473,1.937625808275,0.00155825922155512,conus_mcw_lcw_library.csv v4_horizonfix_2026-09-16
839,interior live oak,Quercus,Fagaceae,H,fitted,839,1 fitted,1 fitted,159,0.84034148870298,0.742106008114953,12.7,49.6,22.86,15.2294052929524,FALSE,-0.207583855935374,1.937625808275,0.00155825922155512,conus_mcw_lcw_library.csv v4_horizonfix_2026-09-16
840,dwarf post oak,Quercus,Fagaceae,H,fitted,840,3 borrowed,3 borrowed,6,1.0798576540206,0.734430796431893,12.7,19.05,22.86,9.40504332338588,FALSE,-0.181357223796852,1.937625808275,0.00155825922155512,conus_mcw_lcw_library.csv v4_horizonfix_2026-09-16
841,dwarf live oak,Quercus,Fagaceae,H,spgrp_donor,832,4 donor,2 shrunk,2208,1.04865079532398,0.65517186403489,12.7,83.312,22.86,19.0118528017225,FALSE,0.0531224724281435,1.937625808275,0.00155825922155512,conus_mcw_lcw_library.csv v4_horizonfix_2026-09-16
842,bluejack oak,Quercus,Fagaceae,H,fitted,842,3 borrowed,3 borrowed,3,0.991861455523692,0.703442362752263,13.462,14.478,22.86,6.50043760662576,FALSE,-0.062944264243792,1.937625808275,0.00155825922155512,conus_mcw_lcw_library.csv v4_horizonfix_2026-09-16
843,silverleaf oak,Quercus,Fagaceae,H,genus_donor,802,4 donor,2 shrunk,2931,0.945706094260607,0.697026114195576,12.7,90.678,22.86,21.8869957407327,FALSE,0.014350638977796,1.937625808275,0.00155825922155512,conus_mcw_lcw_library.csv v4_horizonfix_2026-09-16
844,Oglethorpe oak,Quercus,Fagaceae,H,spgrp_donor,832,4 donor,2 shrunk,2208,1.04865079532398,0.65517186403489,12.7,83.312,22.86,19.0118528017225,FALSE,0.0531224724281435,1.937625808275,0.00155825922155512,conus_mcw_lcw_library.csv v4_horizonfix_2026-09-16
845,dwarf chinkapin oak,Quercus,Ericaceae,H,spgrp_donor,711,4 donor,2 shrunk,548,1.67426194303798,0.513814901632918,12.7,53.848,22.86,12.9814777042514,FALSE,0.130640903007489,1.937625808275,0.00155825922155512,conus_mcw_lcw_library.csv v4_horizonfix_2026-09-16
846,gray oak,Quercus,Fagaceae,H,genus_donor,802,4 donor,2 shrunk,2931,0.945706094260607,0.697026114195576,12.7,90.678,22.86,21.8869957407327,FALSE,0.014350638977796,1.937625808275,0.00155825922155512,conus_mcw_lcw_library.csv v4_horizonfix_2026-09-16
847,netleaf oak,Quercus,Ericaceae,H,spgrp_donor,711,4 donor,2 shrunk,548,1.67426194303798,0.513814901632918,12.7,53.848,22.86,12.9814777042514,FALSE,0.130640903007489,1.937625808275,0.00155825922155512,conus_mcw_lcw_library.csv v4_horizonfix_2026-09-16
851,Chisos oak,Quercus,Fagaceae,H,spgrp_donor,833,4 donor,3 borrowed,2592,1.11997628120057,0.640942361074044,12.7,121.92,22.86,22.86,TRUE,0.0167190390759585,1.937625808275,0.00155825922155512,conus_mcw_lcw_library.csv v4_horizonfix_2026-09-16
852,sea torchwood,Amyris,Ericaceae,H,spgrp_donor,711,4 donor,2 shrunk,548,1.67426194303798,0.513814901632918,12.7,53.848,22.86,12.9814777042514,FALSE,0.130640903007489,1.937625808275,0.00155825922155512,conus_mcw_lcw_library.csv v4_horizonfix_2026-09-16
853,pond-apple,Annona,Ericaceae,H,spgrp_donor,711,4 donor,2 shrunk,548,1.67426194303798,0.513814901632918,12.7,53.848,22.86,12.9814777042514,FALSE,0.130640903007489,1.937625808275,0.00155825922155512,conus_mcw_lcw_library.csv v4_horizonfix_2026-09-16
854,gumbo limbo,Bursera,Ericaceae,H,spgrp_donor,711,4 donor,2 shrunk,548,1.67426194303798,0.513814901632918,12.7,53.848,22.86,12.9814777042514,FALSE,0.130640903007489,1.937625808275,0.00155825922155512,conus_mcw_lcw_library.csv v4_horizonfix_2026-09-16
855,sheoak spp.,Casuarina,Ericaceae,H,spgrp_donor,711,4 donor,2 shrunk,548,1.67426194303798,0.513814901632918,12.7,53.848,22.86,12.9814777042514,FALSE,0.130640903007489,1.937625808275,0.00155825922155512,conus_mcw_lcw_library.csv v4_horizonfix_2026-09-16
856,gray sheoak,Casuarina,Ericaceae,H,spgrp_donor,711,4 donor,2 shrunk,548,1.67426194303798,0.513814901632918,12.7,53.848,22.86,12.9814777042514,FALSE,0.130640903007489,1.937625808275,0.00155825922155512,conus_mcw_lcw_library.csv v4_horizonfix_2026-09-16
857,belah,Casuarina,Ericaceae,H,spgrp_donor,711,4 donor,2 shrunk,548,1.67426194303798,0.513814901632918,12.7,53.848,22.86,12.9814777042514,FALSE,0.130640903007489,1.937625808275,0.00155825922155512,conus_mcw_lcw_library.csv v4_horizonfix_2026-09-16
858,camphortree,Cinnamomum,Ericaceae,H,spgrp_donor,711,4 donor,2 shrunk,548,1.67426194303798,0.513814901632918,12.7,53.848,22.86,12.9814777042514,FALSE,0.130640903007489,1.937625808275,0.00155825922155512,conus_mcw_lcw_library.csv v4_horizonfix_2026-09-16
859,Florida fiddlewood,Citharexylum,Ericaceae,H,spgrp_donor,711,4 donor,2 shrunk,548,1.67426194303798,0.513814901632918,12.7,53.848,22.86,12.9814777042514,FALSE,0.130640903007489,1.937625808275,0.00155825922155512,conus_mcw_lcw_library.csv v4_horizonfix_2026-09-16
860,citrus spp.,Citrus,Ericaceae,H,spgrp_donor,711,4 donor,2 shrunk,548,1.67426194303798,0.513814901632918,12.7,53.848,22.86,12.9814777042514,FALSE,0.130640903007489,1.937625808275,0.00155825922155512,conus_mcw_lcw_library.csv v4_horizonfix_2026-09-16
863,"tietongue, pigeon-plum",Coccoloba,Ericaceae,H,spgrp_donor,711,4 donor,2 shrunk,548,1.67426194303798,0.513814901632918,12.7,53.848,22.86,12.9814777042514,FALSE,0.130640903007489,1.937625808275,0.00155825922155512,conus_mcw_lcw_library.csv v4_horizonfix_2026-09-16
864,soldierwood,Colubrina,Ericaceae,H,spgrp_donor,711,4 donor,2 shrunk,548,1.67426194303798,0.513814901632918,12.7,53.848,22.86,12.9814777042514,FALSE,0.130640903007489,1.937625808275,0.00155825922155512,conus_mcw_lcw_library.csv v4_horizonfix_2026-09-16
865,largeleaf geigertree,Cordia,Ericaceae,H,spgrp_donor,711,4 donor,2 shrunk,548,1.67426194303798,0.513814901632918,12.7,53.848,22.86,12.9814777042514,FALSE,0.130640903007489,1.937625808275,0.00155825922155512,conus_mcw_lcw_library.csv v4_horizonfix_2026-09-16
866,carrotwood,Cupaniopsis,Ericaceae,H,spgrp_donor,711,4 donor,2 shrunk,548,1.67426194303798,0.513814901632918,12.7,53.848,22.86,12.9814777042514,FALSE,0.130640903007489,1.937625808275,0.00155825922155512,conus_mcw_lcw_library.csv v4_horizonfix_2026-09-16
867,Bluewood,Condalia,,H,clade_population,,5 population,5 population,66723,1.29590667364286,0.592458600322,12.7,174.4,22.86,22.86,TRUE,-0.0510659711849785,1.937625808275,0.00155825922155512,conus_mcw_lcw_library.csv v4_horizonfix_2026-09-16
868,Blackbead ebony,Ebenopsis,Betulaceae,H,spgrp_donor,372,4 donor,1 fitted,668,1.59609488606733,0.546263269029532,12.7,67.31,22.86,15.9100461460141,FALSE,0.00241922203697728,1.937625808275,0.00155825922155512,conus_mcw_lcw_library.csv v4_horizonfix_2026-09-16
869,Great leucaene,Leucaena,Ericaceae,H,spgrp_donor,711,4 donor,2 shrunk,548,1.67426194303798,0.513814901632918,12.7,53.848,22.86,12.9814777042514,FALSE,0.130640903007489,1.937625808275,0.00155825922155512,conus_mcw_lcw_library.csv v4_horizonfix_2026-09-16
870,Texas sophora,Sophora,Betulaceae,H,spgrp_donor,372,4 donor,1 fitted,668,1.59609488606733,0.546263269029532,12.7,67.31,22.86,15.9100461460141,FALSE,0.00241922203697728,1.937625808275,0.00155825922155512,conus_mcw_lcw_library.csv v4_horizonfix_2026-09-16
873,red stopper,Eugenia,Ericaceae,H,spgrp_donor,711,4 donor,2 shrunk,548,1.67426194303798,0.513814901632918,12.7,53.848,22.86,12.9814777042514,FALSE,0.130640903007489,1.937625808275,0.00155825922155512,conus_mcw_lcw_library.csv v4_horizonfix_2026-09-16
874,"butterbough, inkwood",Exothea,Ericaceae,H,spgrp_donor,711,4 donor,2 shrunk,548,1.67426194303798,0.513814901632918,12.7,53.848,22.86,12.9814777042514,FALSE,0.130640903007489,1.937625808275,0.00155825922155512,conus_mcw_lcw_library.csv v4_horizonfix_2026-09-16
876,Florida strangler fig,Ficus,Ericaceae,H,spgrp_donor,711,4 donor,2 shrunk,548,1.67426194303798,0.513814901632918,12.7,53.848,22.86,12.9814777042514,FALSE,0.130640903007489,1.937625808275,0.00155825922155512,conus_mcw_lcw_library.csv v4_horizonfix_2026-09-16
877,"wild banyantree, shortleaf fig",Ficus,Ericaceae,H,spgrp_donor,711,4 donor,2 shrunk,548,1.67426194303798,0.513814901632918,12.7,53.848,22.86,12.9814777042514,FALSE,0.130640903007489,1.937625808275,0.00155825922155512,conus_mcw_lcw_library.csv v4_horizonfix_2026-09-16
882,"beeftree, longleaf blolly",Guapira,Ericaceae,H,spgrp_donor,711,4 donor,2 shrunk,548,1.67426194303798,0.513814901632918,12.7,53.848,22.86,12.9814777042514,FALSE,0.130640903007489,1.937625808275,0.00155825922155512,conus_mcw_lcw_library.csv v4_horizonfix_2026-09-16
883,manchineel,Hippomane,Ericaceae,H,spgrp_donor,711,4 donor,2 shrunk,548,1.67426194303798,0.513814901632918,12.7,53.848,22.86,12.9814777042514,FALSE,0.130640903007489,1.937625808275,0.00155825922155512,conus_mcw_lcw_library.csv v4_horizonfix_2026-09-16
884,false tamarind,Lysiloma,Ericaceae,H,spgrp_donor,711,4 donor,2 shrunk,548,1.67426194303798,0.513814901632918,12.7,53.848,22.86,12.9814777042514,FALSE,0.130640903007489,1.937625808275,0.00155825922155512,conus_mcw_lcw_library.csv v4_horizonfix_2026-09-16
885,mango,Mangifera,Ericaceae,H,spgrp_donor,711,4 donor,2 shrunk,548,1.67426194303798,0.513814901632918,12.7,53.848,22.86,12.9814777042514,FALSE,0.130640903007489,1.937625808275,0.00155825922155512,conus_mcw_lcw_library.csv v4_horizonfix_2026-09-16
886,Florida poisontree,Metopium,Ericaceae,H,spgrp_donor,711,4 donor,2 shrunk,548,1.67426194303798,0.513814901632918,12.7,53.848,22.86,12.9814777042514,FALSE,0.130640903007489,1.937625808275,0.00155825922155512,conus_mcw_lcw_library.csv v4_horizonfix_2026-09-16
887,fishpoison tree,Piscidia,Ericaceae,H,spgrp_donor,711,4 donor,2 shrunk,548,1.67426194303798,0.513814901632918,12.7,53.848,22.86,12.9814777042514,FALSE,0.130640903007489,1.937625808275,0.00155825922155512,conus_mcw_lcw_library.csv v4_horizonfix_2026-09-16
888,"octopus tree, schefflera",Schefflera,Ericaceae,H,spgrp_donor,711,4 donor,2 shrunk,548,1.67426194303798,0.513814901632918,12.7,53.848,22.86,12.9814777042514,FALSE,0.130640903007489,1.937625808275,0.00155825922155512,conus_mcw_lcw_library.csv v4_horizonfix_2026-09-16
890,false mastic,Sideroxylon,Ericaceae,H,spgrp_donor,711,4 donor,2 shrunk,548,1.67426194303798,0.513814901632918,12.7,53.848,22.86,12.9814777042514,FALSE,0.130640903007489,1.937625808275,0.00155825922155512,conus_mcw_lcw_library.csv v4_horizonfix_2026-09-16
891,"white bully, willow bustic",Sideroxylon,Ericaceae,H,spgrp_donor,711,4 donor,2 shrunk,548,1.67426194303798,0.513814901632918,12.7,53.848,22.86,12.9814777042514,FALSE,0.130640903007489,1.937625808275,0.00155825922155512,conus_mcw_lcw_library.csv v4_horizonfix_2026-09-16
895,paradisetree,Simarouba,Ericaceae,H,spgrp_donor,711,4 donor,2 shrunk,548,1.67426194303798,0.513814901632918,12.7,53.848,22.86,12.9814777042514,FALSE,0.130640903007489,1.937625808275,0.00155825922155512,conus_mcw_lcw_library.csv v4_horizonfix_2026-09-16
896,Java plum,Syzygium,Ericaceae,H,spgrp_donor,711,4 donor,2 shrunk,548,1.67426194303798,0.513814901632918,12.7,53.848,22.86,12.9814777042514,FALSE,0.130640903007489,1.937625808275,0.00155825922155512,conus_mcw_lcw_library.csv v4_horizonfix_2026-09-16
897,tamarind,Tamarindus,Ericaceae,H,spgrp_donor,711,4 donor,2 shrunk,548,1.67426194303798,0.513814901632918,12.7,53.848,22.86,12.9814777042514,FALSE,0.130640903007489,1.937625808275,0.00155825922155512,conus_mcw_lcw_library.csv v4_horizonfix_2026-09-16
901,black locust,Robinia,Fabaceae,H,fitted,901,2 shrunk,2 shrunk,373,1.58125595530765,0.497933816837023,12.7,55.372,22.86,11.6693139010114,FALSE,0.0772643968730183,1.937625808275,0.00155825922155512,conus_mcw_lcw_library.csv v4_horizonfix_2026-09-16
902,New Mexico locust,Robinia,Fabaceae,H,genus_donor,901,4 donor,2 shrunk,373,1.58125595530765,0.497933816837023,12.7,55.372,22.86,11.6693139010114,FALSE,0.0772643968730183,1.937625808275,0.00155825922155512,conus_mcw_lcw_library.csv v4_horizonfix_2026-09-16
906,"Everglades palm, paurotis-palm",Acoelorraphe,Ericaceae,H,spgrp_donor,711,4 donor,2 shrunk,548,1.67426194303798,0.513814901632918,12.7,53.848,22.86,12.9814777042514,FALSE,0.130640903007489,1.937625808275,0.00155825922155512,conus_mcw_lcw_library.csv v4_horizonfix_2026-09-16
907,Florida silver palm,Coccothrinax,Ericaceae,H,spgrp_donor,711,4 donor,2 shrunk,548,1.67426194303798,0.513814901632918,12.7,53.848,22.86,12.9814777042514,FALSE,0.130640903007489,1.937625808275,0.00155825922155512,conus_mcw_lcw_library.csv v4_horizonfix_2026-09-16
908,coconut palm,Cocos,Ericaceae,H,spgrp_donor,711,4 donor,2 shrunk,548,1.67426194303798,0.513814901632918,12.7,53.848,22.86,12.9814777042514,FALSE,0.130640903007489,1.937625808275,0.00155825922155512,conus_mcw_lcw_library.csv v4_horizonfix_2026-09-16
909,royal palm spp.,Roystonea,Ericaceae,H,spgrp_donor,711,4 donor,2 shrunk,548,1.67426194303798,0.513814901632918,12.7,53.848,22.86,12.9814777042514,FALSE,0.130640903007489,1.937625808275,0.00155825922155512,conus_mcw_lcw_library.csv v4_horizonfix_2026-09-16
911,Mexican palmetto,Sabal,Betulaceae,H,spgrp_donor,375,4 donor,1 fitted,2463,0.870881084648964,0.691090384326588,12.7,48.768,22.86,12.7824083063039,FALSE,0.0987928122718898,1.937625808275,0.00155825922155512,conus_mcw_lcw_library.csv v4_horizonfix_2026-09-16
912,cabbage palmetto,Sabal,Ericaceae,H,spgrp_donor,711,4 donor,2 shrunk,548,1.67426194303798,0.513814901632918,12.7,53.848,22.86,12.9814777042514,FALSE,0.130640903007489,1.937625808275,0.00155825922155512,conus_mcw_lcw_library.csv v4_horizonfix_2026-09-16
913,key thatch palm,Thrinax,Ericaceae,H,spgrp_donor,711,4 donor,2 shrunk,548,1.67426194303798,0.513814901632918,12.7,53.848,22.86,12.9814777042514,FALSE,0.130640903007489,1.937625808275,0.00155825922155512,conus_mcw_lcw_library.csv v4_horizonfix_2026-09-16
914,Florida thatch palm,Thrinax,Ericaceae,H,spgrp_donor,711,4 donor,2 shrunk,548,1.67426194303798,0.513814901632918,12.7,53.848,22.86,12.9814777042514,FALSE,0.130640903007489,1.937625808275,0.00155825922155512,conus_mcw_lcw_library.csv v4_horizonfix_2026-09-16
915,other palms,Family Arecaceae,Ericaceae,H,spgrp_donor,711,4 donor,2 shrunk,548,1.67426194303798,0.513814901632918,12.7,53.848,22.86,12.9814777042514,FALSE,0.130640903007489,1.937625808275,0.00155825922155512,conus_mcw_lcw_library.csv v4_horizonfix_2026-09-16
919,western soapberry,Sapindus,Ericaceae,H,spgrp_donor,711,4 donor,2 shrunk,548,1.67426194303798,0.513814901632918,12.7,53.848,22.86,12.9814777042514,FALSE,0.130640903007489,1.937625808275,0.00155825922155512,conus_mcw_lcw_library.csv v4_horizonfix_2026-09-16
920,willow spp.,Salix,Salicaceae,H,fitted,920,2 shrunk,2 shrunk,21,0.900594859559412,0.624387782074159,13.0048,37.4,22.86,8.64194056139182,FALSE,-0.135134507783396,1.937625808275,0.00155825922155512,conus_mcw_lcw_library.csv v4_horizonfix_2026-09-16
921,peachleaf willow,Salix,Salicaceae,H,genus_donor,922,4 donor,2 shrunk,62,1.05564844249152,0.63265270273586,12.7,48.514,22.86,12.3051717096245,FALSE,-0.12821817967084,1.937625808275,0.00155825922155512,conus_mcw_lcw_library.csv v4_horizonfix_2026-09-16
922,black willow,Salix,Salicaceae,H,fitted,922,2 shrunk,2 shrunk,62,1.05564844249152,0.63265270273586,12.7,48.514,22.86,12.3051717096245,FALSE,-0.12821817967084,1.937625808275,0.00155825922155512,conus_mcw_lcw_library.csv v4_horizonfix_2026-09-16
923,Bebb willow,Salix,Salicaceae,H,genus_donor,922,4 donor,2 shrunk,62,1.05564844249152,0.63265270273586,12.7,48.514,22.86,12.3051717096245,FALSE,-0.12821817967084,1.937625808275,0.00155825922155512,conus_mcw_lcw_library.csv v4_horizonfix_2026-09-16
924,Bonpland willow,Salix,Salicaceae,H,fitted,924,3 borrowed,3 borrowed,9,0.890423444884955,0.676074651509956,13.7,17.7,22.86,6.21326214802709,FALSE,-0.0365606906099129,1.937625808275,0.00155825922155512,conus_mcw_lcw_library.csv v4_horizonfix_2026-09-16
925,coastal plain willow,Salix,Salicaceae,H,genus_donor,922,4 donor,2 shrunk,62,1.05564844249152,0.63265270273586,12.7,48.514,22.86,12.3051717096245,FALSE,-0.12821817967084,1.937625808275,0.00155825922155512,conus_mcw_lcw_library.csv v4_horizonfix_2026-09-16
926,balsam willow,Salix,Salicaceae,H,genus_donor,922,4 donor,2 shrunk,62,1.05564844249152,0.63265270273586,12.7,48.514,22.86,12.3051717096245,FALSE,-0.12821817967084,1.937625808275,0.00155825922155512,conus_mcw_lcw_library.csv v4_horizonfix_2026-09-16
927,white willow,Salix,Salicaceae,H,genus_donor,922,4 donor,2 shrunk,62,1.05564844249152,0.63265270273586,12.7,48.514,22.86,12.3051717096245,FALSE,-0.12821817967084,1.937625808275,0.00155825922155512,conus_mcw_lcw_library.csv v4_horizonfix_2026-09-16
928,Scouler's willow,Salix,Salicaceae,H,genus_donor,922,4 donor,2 shrunk,62,1.05564844249152,0.63265270273586,12.7,48.514,22.86,12.3051717096245,FALSE,-0.12821817967084,1.937625808275,0.00155825922155512,conus_mcw_lcw_library.csv v4_horizonfix_2026-09-16
929,weeping willow,Salix,Salicaceae,H,genus_donor,922,4 donor,2 shrunk,62,1.05564844249152,0.63265270273586,12.7,48.514,22.86,12.3051717096245,FALSE,-0.12821817967084,1.937625808275,0.00155825922155512,conus_mcw_lcw_library.csv v4_horizonfix_2026-09-16
931,sassafras,Sassafras,Lauraceae,H,fitted,931,2 shrunk,2 shrunk,423,1.56381379318293,0.490454877247816,12.7,40.386,22.86,9.59331686406231,FALSE,0.117721039310887,1.937625808275,0.00155825922155512,conus_mcw_lcw_library.csv v4_horizonfix_2026-09-16
934,mountain-ash spp.,Sorbus,Rosaceae,H,genus_donor,935,4 donor,3 borrowed,3,1.28292956707919,0.523912094196202,13.208,26.162,22.86,7.09476093379607,FALSE,-0.144826138459223,1.937625808275,0.00155825922155512,conus_mcw_lcw_library.csv v4_horizonfix_2026-09-16
935,American mountain-ash,Sorbus,Rosaceae,H,fitted,935,3 borrowed,3 borrowed,3,1.28292956707919,0.523912094196202,13.208,26.162,22.86,7.09476093379607,FALSE,-0.144826138459223,1.937625808275,0.00155825922155512,conus_mcw_lcw_library.csv v4_horizonfix_2026-09-16
936,European mountain-ash,Sorbus,Rosaceae,H,genus_donor,935,4 donor,3 borrowed,3,1.28292956707919,0.523912094196202,13.208,26.162,22.86,7.09476093379607,FALSE,-0.144826138459223,1.937625808275,0.00155825922155512,conus_mcw_lcw_library.csv v4_horizonfix_2026-09-16
937,northern mountain-ash,Sorbus,Rosaceae,H,genus_donor,935,4 donor,3 borrowed,3,1.28292956707919,0.523912094196202,13.208,26.162,22.86,7.09476093379607,FALSE,-0.144826138459223,1.937625808275,0.00155825922155512,conus_mcw_lcw_library.csv v4_horizonfix_2026-09-16
940,West Indian mahogany,Swietenia,Ericaceae,H,spgrp_donor,711,4 donor,2 shrunk,548,1.67426194303798,0.513814901632918,12.7,53.848,22.86,12.9814777042514,FALSE,0.130640903007489,1.937625808275,0.00155825922155512,conus_mcw_lcw_library.csv v4_horizonfix_2026-09-16
950,basswood spp.,Tilia,Malvaceae,H,fitted,950,2 shrunk,2 shrunk,140,1.16206843382092,0.578854062646574,13.208,60.452,22.86,12.4855739129615,FALSE,0.200980694847568,1.937625808275,0.00155825922155512,conus_mcw_lcw_library.csv v4_horizonfix_2026-09-16
951,American basswood,Tilia,Malvaceae,H,fitted,951,2 shrunk,2 shrunk,894,1.33293729225602,0.551504556895953,12.7,83.566,22.86,15.304452913259,FALSE,-0.013216492240931,1.937625808275,0.00155825922155512,conus_mcw_lcw_library.csv v4_horizonfix_2026-09-16
952,white basswood,Tilia,Malvaceae,H,fitted,952,3 borrowed,3 borrowed,3,1.33573306324469,0.58308390134101,16.51,17.526,22.86,7.09399861736304,FALSE,0.0696788394741468,1.937625808275,0.00155825922155512,conus_mcw_lcw_library.csv v4_horizonfix_2026-09-16
953,Carolina basswood,Tilia,Malvaceae,H,genus_donor,951,4 donor,2 shrunk,894,1.33293729225602,0.551504556895953,12.7,83.566,22.86,15.304452913259,FALSE,-0.013216492240931,1.937625808275,0.00155825922155512,conus_mcw_lcw_library.csv v4_horizonfix_2026-09-16
970,elm spp.,Ulmus,Ulmaceae,H,fitted,970,3 borrowed,3 borrowed,15,1.36198995857013,0.539521162845726,13.462,35.814,22.86,9.3889774345019,FALSE,-0.0426616791562638,1.937625808275,0.00155825922155512,conus_mcw_lcw_library.csv v4_horizonfix_2026-09-16
971,winged elm,Ulmus,Ulmaceae,H,fitted,971,2 shrunk,2 shrunk,126,1.51350543433021,0.604682800703782,12.7,41.656,22.86,14.4336161260797,FALSE,-0.136010624765331,1.937625808275,0.00155825922155512,conus_mcw_lcw_library.csv v4_horizonfix_2026-09-16
972,American elm,Ulmus,Ulmaceae,H,fitted,972,2 shrunk,2 shrunk,751,1.13588802804187,0.669053324421567,12.7,68.834,22.86,19.2718645234537,FALSE,-0.0972938504978355,1.937625808275,0.00155825922155512,conus_mcw_lcw_library.csv v4_horizonfix_2026-09-16
973,cedar elm,Ulmus,Ulmaceae,H,genus_donor,972,4 donor,2 shrunk,751,1.13588802804187,0.669053324421567,12.7,68.834,22.86,19.2718645234537,FALSE,-0.0972938504978355,1.937625808275,0.00155825922155512,conus_mcw_lcw_library.csv v4_horizonfix_2026-09-16
974,Siberian elm,Ulmus,Ulmaceae,H,fitted,974,3 borrowed,3 borrowed,3,1.30318947914373,0.559865295366918,15.24,20.32,22.86,7.0350737701002,FALSE,-0.0908010017229953,1.937625808275,0.00155825922155512,conus_mcw_lcw_library.csv v4_horizonfix_2026-09-16
975,slippery elm,Ulmus,Ulmaceae,H,fitted,975,2 shrunk,2 shrunk,239,1.51118375610319,0.603761523674167,12.7,73.914,22.86,20.3040446484514,FALSE,-0.122797998822874,1.937625808275,0.00155825922155512,conus_mcw_lcw_library.csv v4_horizonfix_2026-09-16
976,September elm,Ulmus,Ulmaceae,H,genus_donor,972,4 donor,2 shrunk,751,1.13588802804187,0.669053324421567,12.7,68.834,22.86,19.2718645234537,FALSE,-0.0972938504978355,1.937625808275,0.00155825922155512,conus_mcw_lcw_library.csv v4_horizonfix_2026-09-16
977,rock elm,Ulmus,Ulmaceae,H,fitted,977,3 borrowed,3 borrowed,10,1.56227418462587,0.569095662055872,12.954,36.83,22.86,12.1639845693616,FALSE,-0.00946133610255625,1.937625808275,0.00155825922155512,conus_mcw_lcw_library.csv v4_horizonfix_2026-09-16
981,California-laurel,Umbellularia,Lauraceae,H,fitted,981,2 shrunk,2 shrunk,62,1.58780567275797,0.574585708272914,12.7,47.5,22.86,14.594913804821,FALSE,-0.436431120951316,1.937625808275,0.00155825922155512,conus_mcw_lcw_library.csv v4_horizonfix_2026-09-16
982,Joshua tree,Yucca,Ericaceae,H,spgrp_donor,711,4 donor,2 shrunk,548,1.67426194303798,0.513814901632918,12.7,53.848,22.86,12.9814777042514,FALSE,0.130640903007489,1.937625808275,0.00155825922155512,conus_mcw_lcw_library.csv v4_horizonfix_2026-09-16
986,black-mangrove,Avicennia,Ericaceae,H,spgrp_donor,711,4 donor,2 shrunk,548,1.67426194303798,0.513814901632918,12.7,53.848,22.86,12.9814777042514,FALSE,0.130640903007489,1.937625808275,0.00155825922155512,conus_mcw_lcw_library.csv v4_horizonfix_2026-09-16
987,buttonwood-mangrove,Conocarpus,Ericaceae,H,spgrp_donor,711,4 donor,2 shrunk,548,1.67426194303798,0.513814901632918,12.7,53.848,22.86,12.9814777042514,FALSE,0.130640903007489,1.937625808275,0.00155825922155512,conus_mcw_lcw_library.csv v4_horizonfix_2026-09-16
988,white-mangrove,Laguncularia,Ericaceae,H,spgrp_donor,711,4 donor,2 shrunk,548,1.67426194303798,0.513814901632918,12.7,53.848,22.86,12.9814777042514,FALSE,0.130640903007489,1.937625808275,0.00155825922155512,conus_mcw_lcw_library.csv v4_horizonfix_2026-09-16
989,American mangrove,Rhizophora,Ericaceae,H,spgrp_donor,711,4 donor,2 shrunk,548,1.67426194303798,0.513814901632918,12.7,53.848,22.86,12.9814777042514,FALSE,0.130640903007489,1.937625808275,0.00155825922155512,conus_mcw_lcw_library.csv v4_horizonfix_2026-09-16
990,desert ironwood,Olneya,Ericaceae,H,spgrp_donor,711,4 donor,2 shrunk,548,1.67426194303798,0.513814901632918,12.7,53.848,22.86,12.9814777042514,FALSE,0.130640903007489,1.937625808275,0.00155825922155512,conus_mcw_lcw_library.csv v4_horizonfix_2026-09-16
991,saltcedar,Tamarix,Ericaceae,H,spgrp_donor,711,4 donor,2 shrunk,548,1.67426194303798,0.513814901632918,12.7,53.848,22.86,12.9814777042514,FALSE,0.130640903007489,1.937625808275,0.00155825922155512,conus_mcw_lcw_library.csv v4_horizonfix_2026-09-16
992,melaleuca,Melaleuca,Betulaceae,H,spgrp_donor,375,4 donor,1 fitted,2463,0.870881084648964,0.691090384326588,12.7,48.768,22.86,12.7824083063039,FALSE,0.0987928122718898,1.937625808275,0.00155825922155512,conus_mcw_lcw_library.csv v4_horizonfix_2026-09-16
993,chinaberry,Melia,Melia,H,fitted,993,3 borrowed,3 borrowed,12,1.30142365929166,0.59422545050262,12.7,20.828,22.86,7.90665234818636,FALSE,0.036701123074345,1.937625808275,0.00155825922155512,conus_mcw_lcw_library.csv v4_horizonfix_2026-09-16
994,Chinese tallowtree,Triadica,Triadica,H,fitted,994,3 borrowed,3 borrowed,4,1.16717698355963,0.559308481219307,16.256,24.13,22.86,6.92488795208055,FALSE,0.0714628267672861,1.937625808275,0.00155825922155512,conus_mcw_lcw_library.csv v4_horizonfix_2026-09-16
995,tungoil tree,Vernicia,Ericaceae,H,spgrp_donor,711,4 donor,2 shrunk,548,1.67426194303798,0.513814901632918,12.7,53.848,22.86,12.9814777042514,FALSE,0.130640903007489,1.937625808275,0.00155825922155512,conus_mcw_lcw_library.csv v4_horizonfix_2026-09-16
996,smoketree,Cotinus,Ericaceae,H,spgrp_donor,711,4 donor,2 shrunk,548,1.67426194303798,0.513814901632918,12.7,53.848,22.86,12.9814777042514,FALSE,0.130640903007489,1.937625808275,0.00155825922155512,conus_mcw_lcw_library.csv v4_horizonfix_2026-09-16
997,Russian-olive,Elaeagnus,Ericaceae,H,spgrp_donor,711,4 donor,2 shrunk,548,1.67426194303798,0.513814901632918,12.7,53.848,22.86,12.9814777042514,FALSE,0.130640903007489,1.937625808275,0.00155825922155512,conus_mcw_lcw_library.csv v4_horizonfix_2026-09-16
998,Unknown dead hardwood,Tree,Tree,H,fitted,998,3 borrowed,3 borrowed,7,1.43618067537757,0.536601382095658,12.7,13.716,22.86,5.85392177013258,FALSE,0.023304704150786,1.937625808275,0.00155825922155512,conus_mcw_lcw_library.csv v4_horizonfix_2026-09-16
999,Other or unknown live tree,Tree,Tree,H,fitted,999,2 shrunk,2 shrunk,44,1.96082080242081,0.466938272552977,12.7,47.498,22.86,11.8943793311063,FALSE,-0.0746695646974778,1.937625808275,0.00155825922155512,conus_mcw_lcw_library.csv v4_horizonfix_2026-09-16
5091,Washington hawthorn,Crataegus,Rosaceae,H,genus_donor,500,4 donor,2 shrunk,43,1.27830629838767,0.703084260201097,12.7,47.498,22.86,19.2965184006894,FALSE,-0.437327927483218,1.937625808275,0.00155825922155512,conus_mcw_lcw_library.csv v4_horizonfix_2026-09-16
5092,fleshy hawthorn,Crataegus,Rosaceae,H,genus_donor,500,4 donor,2 shrunk,43,1.27830629838767,0.703084260201097,12.7,47.498,22.86,19.2965184006894,FALSE,-0.437327927483218,1.937625808275,0.00155825922155512,conus_mcw_lcw_library.csv v4_horizonfix_2026-09-16
5093,dwarf hawthorn,Crataegus,Rosaceae,H,genus_donor,500,4 donor,2 shrunk,43,1.27830629838767,0.703084260201097,12.7,47.498,22.86,19.2965184006894,FALSE,-0.437327927483218,1.937625808275,0.00155825922155512,conus_mcw_lcw_library.csv v4_horizonfix_2026-09-16
5491,Berlandier ash,Fraxinus,Oleaceae,H,genus_donor,541,4 donor,3 borrowed,1287,1.10528218351277,0.642241606397986,12.7,118.618,22.86,22.86,TRUE,0.079521771162333,1.937625808275,0.00155825922155512,conus_mcw_lcw_library.csv v4_horizonfix_2026-09-16
7211,avocado,Persea,Lauraceae,H,genus_donor,721,4 donor,2 shrunk,31,1.68682534233815,0.489283017980854,13.208,30.48,22.86,8.97787256861395,FALSE,-0.182303103686337,1.937625808275,0.00155825922155512,conus_mcw_lcw_library.csv v4_horizonfix_2026-09-16
8511,Graves oak,Quercus,Fagaceae,H,spgrp_donor,833,4 donor,3 borrowed,2592,1.11997628120057,0.640942361074044,12.7,121.92,22.86,22.86,TRUE,0.0167190390759585,1.937625808275,0.00155825922155512,conus_mcw_lcw_library.csv v4_horizonfix_2026-09-16
8512,Mexican white oak,Quercus,Fagaceae,H,spgrp_donor,833,4 donor,3 borrowed,2592,1.11997628120057,0.640942361074044,12.7,121.92,22.86,22.86,TRUE,0.0167190390759585,1.937625808275,0.00155825922155512,conus_mcw_lcw_library.csv v4_horizonfix_2026-09-16
8513,Buckley oak,Quercus,Fagaceae,H,spgrp_donor,833,4 donor,3 borrowed,2592,1.11997628120057,0.640942361074044,12.7,121.92,22.86,22.86,TRUE,0.0167190390759585,1.937625808275,0.00155825922155512,conus_mcw_lcw_library.csv v4_horizonfix_2026-09-16
8514,Lacey oak,Quercus,Fagaceae,H,spgrp_donor,833,4 donor,3 borrowed,2592,1.11997628120057,0.640942361074044,12.7,121.92,22.86,22.86,TRUE,0.0167190390759585,1.937625808275,0.00155825922155512,conus_mcw_lcw_library.csv v4_horizonfix_2026-09-16
8651,Anacahuita Texas Olive,Cordia,Fagaceae,H,spgrp_donor,832,4 donor,2 shrunk,2208,1.04865079532398,0.65517186403489,12.7,83.312,22.86,19.0118528017225,FALSE,0.0531224724281435,1.937625808275,0.00155825922155512,conus_mcw_lcw_library.csv v4_horizonfix_2026-09-16
